Workbook

Sheet DS Khách hàng
A1: No. | B1: Chủ đầu tư | C1: Tên chủ đầu tư | D1: Đơn vị thụ hưởng | E1: Tên đơn vị thụ hưởng | F1: Mã Đề án
B544: Bản Việt - VoiceDNA
B545: Vikki bank
B546: Vikki bank

Sheet 1.DS Dự án
A1: Mã Đề án | B1: Tên đề án | C1: Chủ nhiệm đề án | D1: Mã Sản phẩm | E1: Sản phẩm | F1: PM | G1: Start Date | H1: End Date | I1: Trạng thái dự án | J1: Giai đoạn hiện tại | K1: Đã có kế hoạch công việc?
D2: TEST | K2: =IF(COUNTIF('5.Deliverable List'!$B:$B,D2)>0,"Yes","No") -> No
K3: =IF(COUNTIF('5.Deliverable List'!$B:$B,D3)>0,"Yes","No") -> No
K4: =IF(COUNTIF('5.Deliverable List'!$B:$B,D4)>0,"Yes","No") -> No
K5: =IF(COUNTIF('5.Deliverable List'!$B:$B,D5)>0,"Yes","No") -> No
K6: =IF(COUNTIF('5.Deliverable List'!$B:$B,D6)>0,"Yes","No") -> No
K7: =IF(COUNTIF('5.Deliverable List'!$B:$B,D7)>0,"Yes","No") -> No
K8: =IF(COUNTIF('5.Deliverable List'!$B:$B,D8)>0,"Yes","No") -> No
K9: =IF(COUNTIF('5.Deliverable List'!$B:$B,D9)>0,"Yes","No") -> No
K10: =IF(COUNTIF('5.Deliverable List'!$B:$B,D10)>0,"Yes","No") -> No
K11: =IF(COUNTIF('5.Deliverable List'!$B:$B,D11)>0,"Yes","No") -> No
K12: =IF(COUNTIF('5.Deliverable List'!$B:$B,D12)>0,"Yes","No") -> No
K13: =IF(COUNTIF('5.Deliverable List'!$B:$B,D13)>0,"Yes","No") -> No
K14: =IF(COUNTIF('5.Deliverable List'!$B:$B,D14)>0,"Yes","No") -> No
K15: =IF(COUNTIF('5.Deliverable List'!$B:$B,D15)>0,"Yes","No") -> No

Sheet Config
A1: Giai đoạn | B1: Giai đoạn thành phần
A2: Tiền dự án
B3: Đề xuất
B4: Khảo sát
B5: Thuyết minh sơ bộ phần mềm | C5: Một số trường hợp cần PoC
B6: Xây dựng báo cáo nghiên cứu kinh tế & Xây dựng báo cáo chủ trương đầu tư
B7: Thầu
B8: Ký Hợp đồng
A9: Sản xuất
B10: Chưa bắt đầu
B11: Kickoff
B12: Khảo sát
B13: Phân tích yêu cầu nghiệp vụ
B14: Coding
B15: Kiểm thử nội bộ
B16: Pilot
B17: UAT
B18: Golive

Sheet 2.Tổ chức nhân sự
A1: STT | B1: Nhân sự | C1: Account | D1: Công ty | E1: Trung tâm | F1: Role | G1: Level | H1: Hình thức HĐ | I1: Hình thức làm việc | J1: Thời gian làm việc | K1: Chi trả | L1: Trạng thái làm việc
A2: =IF(ISBLANK(B2), "", ROW()-1) -> 1 | B2: Văn A
A3: =IF(ISBLANK(B3), "", ROW()-1)
A4: =IF(ISBLANK(B4), "", ROW()-1)
A5: =IF(ISBLANK(B5), "", ROW()-1)
A6: =IF(ISBLANK(B6), "", ROW()-1)
A7: =IF(ISBLANK(B7), "", ROW()-1)
A8: =IF(ISBLANK(B8), "", ROW()-1)
A9: =IF(ISBLANK(B9), "", ROW()-1)
A10: =IF(ISBLANK(B10), "", ROW()-1)
A11: =IF(ISBLANK(B11), "", ROW()-1)
A12: =IF(ISBLANK(B12), "", ROW()-1)
A13: =IF(ISBLANK(B13), "", ROW()-1)
A14: =IF(ISBLANK(B14), "", ROW()-1)
... A90: =IF(ISBLANK(B90), "", ROW()-1)

Sheet 3.Tổ chức phòng ban
A1: Trung tâm | B1: Bộ phận | C1: GĐ/Quản lý

Sheet 4.Phân bổ nguồn lực
A1: Dự án | B1: Nhân sự | C1: Vai trò trong dự án | D1: From Date | E1: To Date | F1: % | G1: T6-2025 | H1: T7-2025 | I1: T8-2025 | J1: T9-2025 | K1: T10-2025 | L1: T11-2025 | M1: T12-2025 | N1: T1-2026 | O1: T2-2026 | P1: T3-2026 | Q1: T4-2026 | R1: T5-2026 | S1: T6-2026 | T1: T7-2026 | U1: T8-2026 | V1: T9-2026 | W1: T10-2026 | X1: T11-2026 | Y1: T12-2026
C2: 1. PO, 2. PM | G2: =IFERROR(__xludf.DUMMYFUNCTION("LET( monthStart,DATE(VALUE(REGEXEXTRACT(G$1,""\d{4}"")),VALUE(REGEXEXTRACT(G$1,""T(\d+)"")),1), monthEnd,EOMONTH(monthStart,0), actualStart,MAX($D2,monthStart), actualEnd,MIN($E2,monthEnd), workingDaysInMonth,NETWORKDAYS(monthStart,monthEnd), "&"workingDaysOverlap,IF(actualStart>actualEnd,0,NETWORKDAYS(actualStart,actualEnd)), IF(workingDaysOverlap=0,"""",$F2*workingDaysOverlap/workingDaysInMonth) )"),0.0) -> 0 | H2: =IFERROR(__xludf.DUMMYFUNCTION("LET( monthStart,DATE(VALUE(REGEXEXTRACT(H$1,""\d{4}"")),VALUE(REGEXEXTRACT(H$1,""T(\d+)"")),1), monthEnd,EOMONTH(monthStart,0), actualStart,MAX($D2,monthStart), actualEnd,MIN($E2,monthEnd), workingDaysInMonth,NETWORKDAYS(monthStart,monthEnd), "&"workingDaysOverlap,IF(actualStart>actualEnd,0,NETWORKDAYS(actualStart,actualEnd)), IF(workingDaysOverlap=0,"""",$F2*workingDaysOverlap/workingDaysInMonth) )"),0.0) -> 0 | I2: =IFERROR(__xludf.DUMMYFUNCTION("LET( monthStart,DATE(VALUE(REGEXEXTRACT(I$1,""\d{4}"")),VALUE(REGEXEXTRACT(I$1,""T(\d+)"")),1), monthEnd,EOMONTH(monthStart,0), actualStart,MAX($D2,monthStart), actualEnd,MIN($E2,monthEnd), workingDaysInMonth,NETWORKDAYS(monthStart,monthEnd), "&"workingDaysOverlap,IF(actualStart>actualEnd,0,NETWORKDAYS(actualStart,actualEnd)), IF(workingDaysOverlap=0,"""",$F2*workingDaysOverlap/workingDaysInMonth) )"),0.0) -> 0 | J2: =IFERROR(__xludf.DUMMYFUNCTION("LET( monthStart,DATE(VALUE(REGEXEXTRACT(J$1,""\d{4}"")),VALUE(REGEXEXTRACT(J$1,""T(\d+)"")),1), monthEnd,EOMONTH(monthStart,0), actualStart,MAX($D2,monthStart), actualEnd,MIN($E2,monthEnd), workingDaysInMonth,NETWORKDAYS(monthStart,monthEnd), "&"workingDaysOverlap,IF(actualStart>actualEnd,0,NETWORKDAYS(actualStart,actualEnd)), IF(workingDaysOverlap=0,"""",$F2*workingDaysOverlap/workingDaysInMonth) )"),0.0) -> 0 | K2: =IFERROR(__xludf.DUMMYFUNCTION("LET( monthStart,DATE(VALUE(REGEXEXTRACT(K$1,""\d{4}"")),VALUE(REGEXEXTRACT(K$1,""T(\d+)"")),1), monthEnd,EOMONTH(monthStart,0), actualStart,MAX($D2,monthStart), actualEnd,MIN($E2,monthEnd), workingDaysInMonth,NETWORKDAYS(monthStart,monthEnd), "&"workingDaysOverlap,IF(actualStart>actualEnd,0,NETWORKDAYS(actualStart,actualEnd)), IF(workingDaysOverlap=0,"""",$F2*workingDaysOverlap/workingDaysInMonth) )"),0.0) -> 0 | L2: =IFERROR(__xludf.DUMMYFUNCTION("LET( monthStart,DATE(VALUE(REGEXEXTRACT(L$1,""\d{4}"")),VALUE(REGEXEXTRACT(L$1,""T(\d+)"")),1), monthEnd,EOMONTH(monthStart,0), actualStart,MAX($D2,monthStart), actualEnd,MIN($E2,monthEnd), workingDaysInMonth,NETWORKDAYS(monthStart,monthEnd), "&"workingDaysOverlap,IF(actualStart>actualEnd,0,NETWORKDAYS(actualStart,actualEnd)), IF(workingDaysOverlap=0,"""",$F2*workingDaysOverlap/workingDaysInMonth) )"),0.0) -> 0 | M2: =IFERROR(__xludf.DUMMYFUNCTION("LET( monthStart,DATE(VALUE(REGEXEXTRACT(M$1,""\d{4}"")),VALUE(REGEXEXTRACT(M$1,""T(\d+)"")),1), monthEnd,EOMONTH(monthStart,0), actualStart,MAX($D2,monthStart), actualEnd,MIN($E2,monthEnd), workingDaysInMonth,NETWORKDAYS(monthStart,monthEnd), "&"workingDaysOverlap,IF(actualStart>actualEnd,0,NETWORKDAYS(actualStart,actualEnd)), IF(workingDaysOverlap=0,"""",$F2*workingDaysOverlap/workingDaysInMonth) )"),0.0) -> 0 | N2: =IFERROR(__xludf.DUMMYFUNCTION("LET( monthStart,DATE(VALUE(REGEXEXTRACT(N$1,""\d{4}"")),VALUE(REGEXEXTRACT(N$1,""T(\d+)"")),1), monthEnd,EOMONTH(monthStart,0), actualStart,MAX($D2,monthStart), actualEnd,MIN($E2,monthEnd), workingDaysInMonth,NETWORKDAYS(monthStart,monthEnd), "&"workingDaysOverlap,IF(actualStart>actualEnd,0,NETWORKDAYS(actualStart,actualEnd)), IF(workingDaysOverlap=0,"""",$F2*workingDaysOverlap/workingDaysInMonth) )"),0.0) -> 0 | O2: =IFERROR(__xludf.DUMMYFUNCTION("LET( monthStart,DATE(VALUE(REGEXEXTRACT(O$1,""\d{4}"")),VALUE(REGEXEXTRACT(O$1,""T(\d+)"")),1), monthEnd,EOMONTH(monthStart,0), actualStart,MAX($D2,monthStart), actualEnd,MIN($E2,monthEnd), workingDaysInMonth,NETWORKDAYS(monthStart,monthEnd), "&"workingDaysOverlap,IF(actualStart>actualEnd,0,NETWORKDAYS(actualStart,actualEnd)), IF(workingDaysOverlap=0,"""",$F2*workingDaysOverlap/workingDaysInMonth) )"),0.0) -> 0 | P2: =IFERROR(__xludf.DUMMYFUNCTION("LET( monthStart,DATE(VALUE(REGEXEXTRACT(P$1,""\d{4}"")),VALUE(REGEXEXTRACT(P$1,""T(\d+)"")),1), monthEnd,EOMONTH(monthStart,0), actualStart,MAX($D2,monthStart), actualEnd,MIN($E2,monthEnd), workingDaysInMonth,NETWORKDAYS(monthStart,monthEnd), "&"workingDaysOverlap,IF(actualStart>actualEnd,0,NETWORKDAYS(actualStart,actualEnd)), IF(workingDaysOverlap=0,"""",$F2*workingDaysOverlap/workingDaysInMonth) )"),0.0) -> 0 | Q2: =IFERROR(__xludf.DUMMYFUNCTION("LET( monthStart,DATE(VALUE(REGEXEXTRACT(Q$1,""\d{4}"")),VALUE(REGEXEXTRACT(Q$1,""T(\d+)"")),1), monthEnd,EOMONTH(monthStart,0), actualStart,MAX($D2,monthStart), actualEnd,MIN($E2,monthEnd), workingDaysInMonth,NETWORKDAYS(monthStart,monthEnd), "&"workingDaysOverlap,IF(actualStart>actualEnd,0,NETWORKDAYS(actualStart,actualEnd)), IF(workingDaysOverlap=0,"""",$F2*workingDaysOverlap/workingDaysInMonth) )"),0.0) -> 0 | R2: =IFERROR(__xludf.DUMMYFUNCTION("LET( monthStart,DATE(VALUE(REGEXEXTRACT(R$1,""\d{4}"")),VALUE(REGEXEXTRACT(R$1,""T(\d+)"")),1), monthEnd,EOMONTH(monthStart,0), actualStart,MAX($D2,monthStart), actualEnd,MIN($E2,monthEnd), workingDaysInMonth,NETWORKDAYS(monthStart,monthEnd), "&"workingDaysOverlap,IF(actualStart>actualEnd,0,NETWORKDAYS(actualStart,actualEnd)), IF(workingDaysOverlap=0,"""",$F2*workingDaysOverlap/workingDaysInMonth) )"),0.0) -> 0 | S2: =IFERROR(__xludf.DUMMYFUNCTION("LET( monthStart,DATE(VALUE(REGEXEXTRACT(S$1,""\d{4}"")),VALUE(REGEXEXTRACT(S$1,""T(\d+)"")),1), monthEnd,EOMONTH(monthStart,0), actualStart,MAX($D2,monthStart), actualEnd,MIN($E2,monthEnd), workingDaysInMonth,NETWORKDAYS(monthStart,monthEnd), "&"workingDaysOverlap,IF(actualStart>actualEnd,0,NETWORKDAYS(actualStart,actualEnd)), IF(workingDaysOverlap=0,"""",$F2*workingDaysOverlap/workingDaysInMonth) )"),0.0) -> 0 | T2: =IFERROR(__xludf.DUMMYFUNCTION("LET( monthStart,DATE(VALUE(REGEXEXTRACT(T$1,""\d{4}"")),VALUE(REGEXEXTRACT(T$1,""T(\d+)"")),1), monthEnd,EOMONTH(monthStart,0), actualStart,MAX($D2,monthStart), actualEnd,MIN($E2,monthEnd), workingDaysInMonth,NETWORKDAYS(monthStart,monthEnd), "&"workingDaysOverlap,IF(actualStart>actualEnd,0,NETWORKDAYS(actualStart,actualEnd)), IF(workingDaysOverlap=0,"""",$F2*workingDaysOverlap/workingDaysInMonth) )"),0.0) -> 0 | U2: =IFERROR(__xludf.DUMMYFUNCTION("LET( monthStart,DATE(VALUE(REGEXEXTRACT(U$1,""\d{4}"")),VALUE(REGEXEXTRACT(U$1,""T(\d+)"")),1), monthEnd,EOMONTH(monthStart,0), actualStart,MAX($D2,monthStart), actualEnd,MIN($E2,monthEnd), workingDaysInMonth,NETWORKDAYS(monthStart,monthEnd), "&"workingDaysOverlap,IF(actualStart>actualEnd,0,NETWORKDAYS(actualStart,actualEnd)), IF(workingDaysOverlap=0,"""",$F2*workingDaysOverlap/workingDaysInMonth) )"),0.0) -> 0 | V2: =IFERROR(__xludf.DUMMYFUNCTION("LET( monthStart,DATE(VALUE(REGEXEXTRACT(V$1,""\d{4}"")),VALUE(REGEXEXTRACT(V$1,""T(\d+)"")),1), monthEnd,EOMONTH(monthStart,0), actualStart,MAX($D2,monthStart), actualEnd,MIN($E2,monthEnd), workingDaysInMonth,NETWORKDAYS(monthStart,monthEnd), "&"workingDaysOverlap,IF(actualStart>actualEnd,0,NETWORKDAYS(actualStart,actualEnd)), IF(workingDaysOverlap=0,"""",$F2*workingDaysOverlap/workingDaysInMonth) )"),0.0) -> 0 | W2: =IFERROR(__xludf.DUMMYFUNCTION("LET( monthStart,DATE(VALUE(REGEXEXTRACT(W$1,""\d{4}"")),VALUE(REGEXEXTRACT(W$1,""T(\d+)"")),1), monthEnd,EOMONTH(monthStart,0), actualStart,MAX($D2,monthStart), actualEnd,MIN($E2,monthEnd), workingDaysInMonth,NETWORKDAYS(monthStart,monthEnd), "&"workingDaysOverlap,IF(actualStart>actualEnd,0,NETWORKDAYS(actualStart,actualEnd)), IF(workingDaysOverlap=0,"""",$F2*workingDaysOverlap/workingDaysInMonth) )"),0.0) -> 0 | X2: =IFERROR(__xludf.DUMMYFUNCTION("LET( monthStart,DATE(VALUE(REGEXEXTRACT(X$1,""\d{4}"")),VALUE(REGEXEXTRACT(X$1,""T(\d+)"")),1), monthEnd,EOMONTH(monthStart,0), actualStart,MAX($D2,monthStart), actualEnd,MIN($E2,monthEnd), workingDaysInMonth,NETWORKDAYS(monthStart,monthEnd), "&"workingDaysOverlap,IF(actualStart>actualEnd,0,NETWORKDAYS(actualStart,actualEnd)), IF(workingDaysOverlap=0,"""",$F2*workingDaysOverlap/workingDaysInMonth) )"),0.0) -> 0 | Y2: =IFERROR(__xludf.DUMMYFUNCTION("LET( monthStart,DATE(VALUE(REGEXEXTRACT(Y$1,""\d{4}"")),VALUE(REGEXEXTRACT(Y$1,""T(\d+)"")),1), monthEnd,EOMONTH(monthStart,0), actualStart,MAX($D2,monthStart), actualEnd,MIN($E2,monthEnd), workingDaysInMonth,NETWORKDAYS(monthStart,monthEnd), "&"workingDaysOverlap,IF(actualStart>actualEnd,0,NETWORKDAYS(actualStart,actualEnd)), IF(workingDaysOverlap=0,"""",$F2*workingDaysOverlap/workingDaysInMonth) )"),0.0) -> 0
G3: =IFERROR(__xludf.DUMMYFUNCTION("LET( monthStart,DATE(VALUE(REGEXEXTRACT(G$1,""\d{4}"")),VALUE(REGEXEXTRACT(G$1,""T(\d+)"")),1), monthEnd,EOMONTH(monthStart,0), actualStart,MAX($D3,monthStart), actualEnd,MIN($E3,monthEnd), workingDaysInMonth,NETWORKDAYS(monthStart,monthEnd), "&"workingDaysOverlap,IF(actualStart>actualEnd,0,NETWORKDAYS(actualStart,actualEnd)), IF(workingDaysOverlap=0,"""",$F3*workingDaysOverlap/workingDaysInMonth) )"),0.0) -> 0 | H3: =IFERROR(__xludf.DUMMYFUNCTION("LET( monthStart,DATE(VALUE(REGEXEXTRACT(H$1,""\d{4}"")),VALUE(REGEXEXTRACT(H$1,""T(\d+)"")),1), monthEnd,EOMONTH(monthStart,0), actualStart,MAX($D3,monthStart), actualEnd,MIN($E3,monthEnd), workingDaysInMonth,NETWORKDAYS(monthStart,monthEnd), "&"workingDaysOverlap,IF(actualStart>actualEnd,0,NETWORKDAYS(actualStart,actualEnd)), IF(workingDaysOverlap=0,"""",$F3*workingDaysOverlap/workingDaysInMonth) )"),0.0) -> 0 | I3: =IFERROR(__xludf.DUMMYFUNCTION("LET( monthStart,DATE(VALUE(REGEXEXTRACT(I$1,""\d{4}"")),VALUE(REGEXEXTRACT(I$1,""T(\d+)"")),1), monthEnd,EOMONTH(monthStart,0), actualStart,MAX($D3,monthStart), actualEnd,MIN($E3,monthEnd), workingDaysInMonth,NETWORKDAYS(monthStart,monthEnd), "&"workingDaysOverlap,IF(actualStart>actualEnd,0,NETWORKDAYS(actualStart,actualEnd)), IF(workingDaysOverlap=0,"""",$F3*workingDaysOverlap/workingDaysInMonth) )"),0.0) -> 0 | J3: =IFERROR(__xludf.DUMMYFUNCTION("LET( monthStart,DATE(VALUE(REGEXEXTRACT(J$1,""\d{4}"")),VALUE(REGEXEXTRACT(J$1,""T(\d+)"")),1), monthEnd,EOMONTH(monthStart,0), actualStart,MAX($D3,monthStart), actualEnd,MIN($E3,monthEnd), workingDaysInMonth,NETWORKDAYS(monthStart,monthEnd), "&"workingDaysOverlap,IF(actualStart>actualEnd,0,NETWORKDAYS(actualStart,actualEnd)), IF(workingDaysOverlap=0,"""",$F3*workingDaysOverlap/workingDaysInMonth) )"),0.0) -> 0 | K3: =IFERROR(__xludf.DUMMYFUNCTION("LET( monthStart,DATE(VALUE(REGEXEXTRACT(K$1,""\d{4}"")),VALUE(REGEXEXTRACT(K$1,""T(\d+)"")),1), monthEnd,EOMONTH(monthStart,0), actualStart,MAX($D3,monthStart), actualEnd,MIN($E3,monthEnd), workingDaysInMonth,NETWORKDAYS(monthStart,monthEnd), "&"workingDaysOverlap,IF(actualStart>actualEnd,0,NETWORKDAYS(actualStart,actualEnd)), IF(workingDaysOverlap=0,"""",$F3*workingDaysOverlap/workingDaysInMonth) )"),0.0) -> 0 | L3: =IFERROR(__xludf.DUMMYFUNCTION("LET( monthStart,DATE(VALUE(REGEXEXTRACT(L$1,""\d{4}"")),VALUE(REGEXEXTRACT(L$1,""T(\d+)"")),1), monthEnd,EOMONTH(monthStart,0), actualStart,MAX($D3,monthStart), actualEnd,MIN($E3,monthEnd), workingDaysInMonth,NETWORKDAYS(monthStart,monthEnd), "&"workingDaysOverlap,IF(actualStart>actualEnd,0,NETWORKDAYS(actualStart,actualEnd)), IF(workingDaysOverlap=0,"""",$F3*workingDaysOverlap/workingDaysInMonth) )"),0.0) -> 0 | M3: =IFERROR(__xludf.DUMMYFUNCTION("LET( monthStart,DATE(VALUE(REGEXEXTRACT(M$1,""\d{4}"")),VALUE(REGEXEXTRACT(M$1,""T(\d+)"")),1), monthEnd,EOMONTH(monthStart,0), actualStart,MAX($D3,monthStart), actualEnd,MIN($E3,monthEnd), workingDaysInMonth,NETWORKDAYS(monthStart,monthEnd), "&"workingDaysOverlap,IF(actualStart>actualEnd,0,NETWORKDAYS(actualStart,actualEnd)), IF(workingDaysOverlap=0,"""",$F3*workingDaysOverlap/workingDaysInMonth) )"),0.0) -> 0 | N3: =IFERROR(__xludf.DUMMYFUNCTION("LET( monthStart,DATE(VALUE(REGEXEXTRACT(N$1,""\d{4}"")),VALUE(REGEXEXTRACT(N$1,""T(\d+)"")),1), monthEnd,EOMONTH(monthStart,0), actualStart,MAX($D3,monthStart), actualEnd,MIN($E3,monthEnd), workingDaysInMonth,NETWORKDAYS(monthStart,monthEnd), "&"workingDaysOverlap,IF(actualStart>actualEnd,0,NETWORKDAYS(actualStart,actualEnd)), IF(workingDaysOverlap=0,"""",$F3*workingDaysOverlap/workingDaysInMonth) )"),0.0) -> 0 | O3: =IFERROR(__xludf.DUMMYFUNCTION("LET( monthStart,DATE(VALUE(REGEXEXTRACT(O$1,""\d{4}"")),VALUE(REGEXEXTRACT(O$1,""T(\d+)"")),1), monthEnd,EOMONTH(monthStart,0), actualStart,MAX($D3,monthStart), actualEnd,MIN($E3,monthEnd), workingDaysInMonth,NETWORKDAYS(monthStart,monthEnd), "&"workingDaysOverlap,IF(actualStart>actualEnd,0,NETWORKDAYS(actualStart,actualEnd)), IF(workingDaysOverlap=0,"""",$F3*workingDaysOverlap/workingDaysInMonth) )"),0.0) -> 0 | P3: =IFERROR(__xludf.DUMMYFUNCTION("LET( monthStart,DATE(VALUE(REGEXEXTRACT(P$1,""\d{4}"")),VALUE(REGEXEXTRACT(P$1,""T(\d+)"")),1), monthEnd,EOMONTH(monthStart,0), actualStart,MAX($D3,monthStart), actualEnd,MIN($E3,monthEnd), workingDaysInMonth,NETWORKDAYS(monthStart,monthEnd), "&"workingDaysOverlap,IF(actualStart>actualEnd,0,NETWORKDAYS(actualStart,actualEnd)), IF(workingDaysOverlap=0,"""",$F3*workingDaysOverlap/workingDaysInMonth) )"),0.0) -> 0 | Q3: =IFERROR(__xludf.DUMMYFUNCTION("LET( monthStart,DATE(VALUE(REGEXEXTRACT(Q$1,""\d{4}"")),VALUE(REGEXEXTRACT(Q$1,""T(\d+)"")),1), monthEnd,EOMONTH(monthStart,0), actualStart,MAX($D3,monthStart), actualEnd,MIN($E3,monthEnd), workingDaysInMonth,NETWORKDAYS(monthStart,monthEnd), "&"workingDaysOverlap,IF(actualStart>actualEnd,0,NETWORKDAYS(actualStart,actualEnd)), IF(workingDaysOverlap=0,"""",$F3*workingDaysOverlap/workingDaysInMonth) )"),0.0) -> 0 | R3: =IFERROR(__xludf.DUMMYFUNCTION("LET( monthStart,DATE(VALUE(REGEXEXTRACT(R$1,""\d{4}"")),VALUE(REGEXEXTRACT(R$1,""T(\d+)"")),1), monthEnd,EOMONTH(monthStart,0), actualStart,MAX($D3,monthStart), actualEnd,MIN($E3,monthEnd), workingDaysInMonth,NETWORKDAYS(monthStart,monthEnd), "&"workingDaysOverlap,IF(actualStart>actualEnd,0,NETWORKDAYS(actualStart,actualEnd)), IF(workingDaysOverlap=0,"""",$F3*workingDaysOverlap/workingDaysInMonth) )"),0.0) -> 0 | S3: =IFERROR(__xludf.DUMMYFUNCTION("LET( monthStart,DATE(VALUE(REGEXEXTRACT(S$1,""\d{4}"")),VALUE(REGEXEXTRACT(S$1,""T(\d+)"")),1), monthEnd,EOMONTH(monthStart,0), actualStart,MAX($D3,monthStart), actualEnd,MIN($E3,monthEnd), workingDaysInMonth,NETWORKDAYS(monthStart,monthEnd), "&"workingDaysOverlap,IF(actualStart>actualEnd,0,NETWORKDAYS(actualStart,actualEnd)), IF(workingDaysOverlap=0,"""",$F3*workingDaysOverlap/workingDaysInMonth) )"),0.0) -> 0 | T3: =IFERROR(__xludf.DUMMYFUNCTION("LET( monthStart,DATE(VALUE(REGEXEXTRACT(T$1,""\d{4}"")),VALUE(REGEXEXTRACT(T$1,""T(\d+)"")),1), monthEnd,EOMONTH(monthStart,0), actualStart,MAX($D3,monthStart), actualEnd,MIN($E3,monthEnd), workingDaysInMonth,NETWORKDAYS(monthStart,monthEnd), "&"workingDaysOverlap,IF(actualStart>actualEnd,0,NETWORKDAYS(actualStart,actualEnd)), IF(workingDaysOverlap=0,"""",$F3*workingDaysOverlap/workingDaysInMonth) )"),0.0) -> 0 | U3: =IFERROR(__xludf.DUMMYFUNCTION("LET( monthStart,DATE(VALUE(REGEXEXTRACT(U$1,""\d{4}"")),VALUE(REGEXEXTRACT(U$1,""T(\d+)"")),1), monthEnd,EOMONTH(monthStart,0), actualStart,MAX($D3,monthStart), actualEnd,MIN($E3,monthEnd), workingDaysInMonth,NETWORKDAYS(monthStart,monthEnd), "&"workingDaysOverlap,IF(actualStart>actualEnd,0,NETWORKDAYS(actualStart,actualEnd)), IF(workingDaysOverlap=0,"""",$F3*workingDaysOverlap/workingDaysInMonth) )"),0.0) -> 0 | V3: =IFERROR(__xludf.DUMMYFUNCTION("LET( monthStart,DATE(VALUE(REGEXEXTRACT(V$1,""\d{4}"")),VALUE(REGEXEXTRACT(V$1,""T(\d+)"")),1), monthEnd,EOMONTH(monthStart,0), actualStart,MAX($D3,monthStart), actualEnd,MIN($E3,monthEnd), workingDaysInMonth,NETWORKDAYS(monthStart,monthEnd), "&"workingDaysOverlap,IF(actualStart>actualEnd,0,NETWORKDAYS(actualStart,actualEnd)), IF(workingDaysOverlap=0,"""",$F3*workingDaysOverlap/workingDaysInMonth) )"),0.0) -> 0 | W3: =IFERROR(__xludf.DUMMYFUNCTION("LET( monthStart,DATE(VALUE(REGEXEXTRACT(W$1,""\d{4}"")),VALUE(REGEXEXTRACT(W$1,""T(\d+)"")),1), monthEnd,EOMONTH(monthStart,0), actualStart,MAX($D3,monthStart), actualEnd,MIN($E3,monthEnd), workingDaysInMonth,NETWORKDAYS(monthStart,monthEnd), "&"workingDaysOverlap,IF(actualStart>actualEnd,0,NETWORKDAYS(actualStart,actualEnd)), IF(workingDaysOverlap=0,"""",$F3*workingDaysOverlap/workingDaysInMonth) )"),0.0) -> 0 | X3: =IFERROR(__xludf.DUMMYFUNCTION("LET( monthStart,DATE(VALUE(REGEXEXTRACT(X$1,""\d{4}"")),VALUE(REGEXEXTRACT(X$1,""T(\d+)"")),1), monthEnd,EOMONTH(monthStart,0), actualStart,MAX($D3,monthStart), actualEnd,MIN($E3,monthEnd), workingDaysInMonth,NETWORKDAYS(monthStart,monthEnd), "&"workingDaysOverlap,IF(actualStart>actualEnd,0,NETWORKDAYS(actualStart,actualEnd)), IF(workingDaysOverlap=0,"""",$F3*workingDaysOverlap/workingDaysInMonth) )"),0.0) -> 0 | Y3: =IFERROR(__xludf.DUMMYFUNCTION("LET( monthStart,DATE(VALUE(REGEXEXTRACT(Y$1,""\d{4}"")),VALUE(REGEXEXTRACT(Y$1,""T(\d+)"")),1), monthEnd,EOMONTH(monthStart,0), actualStart,MAX($D3,monthStart), actualEnd,MIN($E3,monthEnd), workingDaysInMonth,NETWORKDAYS(monthStart,monthEnd), "&"workingDaysOverlap,IF(actualStart>actualEnd,0,NETWORKDAYS(actualStart,actualEnd)), IF(workingDaysOverlap=0,"""",$F3*workingDaysOverlap/workingDaysInMonth) )"),0.0) -> 0
G4: =IFERROR(__xludf.DUMMYFUNCTION("LET( monthStart,DATE(VALUE(REGEXEXTRACT(G$1,""\d{4}"")),VALUE(REGEXEXTRACT(G$1,""T(\d+)"")),1), monthEnd,EOMONTH(monthStart,0), actualStart,MAX($D4,monthStart), actualEnd,MIN($E4,monthEnd), workingDaysInMonth,NETWORKDAYS(monthStart,monthEnd), "&"workingDaysOverlap,IF(actualStart>actualEnd,0,NETWORKDAYS(actualStart,actualEnd)), IF(workingDaysOverlap=0,"""",$F4*workingDaysOverlap/workingDaysInMonth) )"),0.0) -> 0 | H4: =IFERROR(__xludf.DUMMYFUNCTION("LET( monthStart,DATE(VALUE(REGEXEXTRACT(H$1,""\d{4}"")),VALUE(REGEXEXTRACT(H$1,""T(\d+)"")),1), monthEnd,EOMONTH(monthStart,0), actualStart,MAX($D4,monthStart), actualEnd,MIN($E4,monthEnd), workingDaysInMonth,NETWORKDAYS(monthStart,monthEnd), "&"workingDaysOverlap,IF(actualStart>actualEnd,0,NETWORKDAYS(actualStart,actualEnd)), IF(workingDaysOverlap=0,"""",$F4*workingDaysOverlap/workingDaysInMonth) )"),0.0) -> 0 | I4: =IFERROR(__xludf.DUMMYFUNCTION("LET( monthStart,DATE(VALUE(REGEXEXTRACT(I$1,""\d{4}"")),VALUE(REGEXEXTRACT(I$1,""T(\d+)"")),1), monthEnd,EOMONTH(monthStart,0), actualStart,MAX($D4,monthStart), actualEnd,MIN($E4,monthEnd), workingDaysInMonth,NETWORKDAYS(monthStart,monthEnd), "&"workingDaysOverlap,IF(actualStart>actualEnd,0,NETWORKDAYS(actualStart,actualEnd)), IF(workingDaysOverlap=0,"""",$F4*workingDaysOverlap/workingDaysInMonth) )"),0.0) -> 0 | J4: =IFERROR(__xludf.DUMMYFUNCTION("LET( monthStart,DATE(VALUE(REGEXEXTRACT(J$1,""\d{4}"")),VALUE(REGEXEXTRACT(J$1,""T(\d+)"")),1), monthEnd,EOMONTH(monthStart,0), actualStart,MAX($D4,monthStart), actualEnd,MIN($E4,monthEnd), workingDaysInMonth,NETWORKDAYS(monthStart,monthEnd), "&"workingDaysOverlap,IF(actualStart>actualEnd,0,NETWORKDAYS(actualStart,actualEnd)), IF(workingDaysOverlap=0,"""",$F4*workingDaysOverlap/workingDaysInMonth) )"),0.0) -> 0 | K4: =IFERROR(__xludf.DUMMYFUNCTION("LET( monthStart,DATE(VALUE(REGEXEXTRACT(K$1,""\d{4}"")),VALUE(REGEXEXTRACT(K$1,""T(\d+)"")),1), monthEnd,EOMONTH(monthStart,0), actualStart,MAX($D4,monthStart), actualEnd,MIN($E4,monthEnd), workingDaysInMonth,NETWORKDAYS(monthStart,monthEnd), "&"workingDaysOverlap,IF(actualStart>actualEnd,0,NETWORKDAYS(actualStart,actualEnd)), IF(workingDaysOverlap=0,"""",$F4*workingDaysOverlap/workingDaysInMonth) )"),0.0) -> 0 | L4: =IFERROR(__xludf.DUMMYFUNCTION("LET( monthStart,DATE(VALUE(REGEXEXTRACT(L$1,""\d{4}"")),VALUE(REGEXEXTRACT(L$1,""T(\d+)"")),1), monthEnd,EOMONTH(monthStart,0), actualStart,MAX($D4,monthStart), actualEnd,MIN($E4,monthEnd), workingDaysInMonth,NETWORKDAYS(monthStart,monthEnd), "&"workingDaysOverlap,IF(actualStart>actualEnd,0,NETWORKDAYS(actualStart,actualEnd)), IF(workingDaysOverlap=0,"""",$F4*workingDaysOverlap/workingDaysInMonth) )"),0.0) -> 0 | M4: =IFERROR(__xludf.DUMMYFUNCTION("LET( monthStart,DATE(VALUE(REGEXEXTRACT(M$1,""\d{4}"")),VALUE(REGEXEXTRACT(M$1,""T(\d+)"")),1), monthEnd,EOMONTH(monthStart,0), actualStart,MAX($D4,monthStart), actualEnd,MIN($E4,monthEnd), workingDaysInMonth,NETWORKDAYS(monthStart,monthEnd), "&"workingDaysOverlap,IF(actualStart>actualEnd,0,NETWORKDAYS(actualStart,actualEnd)), IF(workingDaysOverlap=0,"""",$F4*workingDaysOverlap/workingDaysInMonth) )"),0.0) -> 0 | N4: =IFERROR(__xludf.DUMMYFUNCTION("LET( monthStart,DATE(VALUE(REGEXEXTRACT(N$1,""\d{4}"")),VALUE(REGEXEXTRACT(N$1,""T(\d+)"")),1), monthEnd,EOMONTH(monthStart,0), actualStart,MAX($D4,monthStart), actualEnd,MIN($E4,monthEnd), workingDaysInMonth,NETWORKDAYS(monthStart,monthEnd), "&"workingDaysOverlap,IF(actualStart>actualEnd,0,NETWORKDAYS(actualStart,actualEnd)), IF(workingDaysOverlap=0,"""",$F4*workingDaysOverlap/workingDaysInMonth) )"),0.0) -> 0 | O4: =IFERROR(__xludf.DUMMYFUNCTION("LET( monthStart,DATE(VALUE(REGEXEXTRACT(O$1,""\d{4}"")),VALUE(REGEXEXTRACT(O$1,""T(\d+)"")),1), monthEnd,EOMONTH(monthStart,0), actualStart,MAX($D4,monthStart), actualEnd,MIN($E4,monthEnd), workingDaysInMonth,NETWORKDAYS(monthStart,monthEnd), "&"workingDaysOverlap,IF(actualStart>actualEnd,0,NETWORKDAYS(actualStart,actualEnd)), IF(workingDaysOverlap=0,"""",$F4*workingDaysOverlap/workingDaysInMonth) )"),0.0) -> 0 | P4: =IFERROR(__xludf.DUMMYFUNCTION("LET( monthStart,DATE(VALUE(REGEXEXTRACT(P$1,""\d{4}"")),VALUE(REGEXEXTRACT(P$1,""T(\d+)"")),1), monthEnd,EOMONTH(monthStart,0), actualStart,MAX($D4,monthStart), actualEnd,MIN($E4,monthEnd), workingDaysInMonth,NETWORKDAYS(monthStart,monthEnd), "&"workingDaysOverlap,IF(actualStart>actualEnd,0,NETWORKDAYS(actualStart,actualEnd)), IF(workingDaysOverlap=0,"""",$F4*workingDaysOverlap/workingDaysInMonth) )"),0.0) -> 0 | Q4: =IFERROR(__xludf.DUMMYFUNCTION("LET( monthStart,DATE(VALUE(REGEXEXTRACT(Q$1,""\d{4}"")),VALUE(REGEXEXTRACT(Q$1,""T(\d+)"")),1), monthEnd,EOMONTH(monthStart,0), actualStart,MAX($D4,monthStart), actualEnd,MIN($E4,monthEnd), workingDaysInMonth,NETWORKDAYS(monthStart,monthEnd), "&"workingDaysOverlap,IF(actualStart>actualEnd,0,NETWORKDAYS(actualStart,actualEnd)), IF(workingDaysOverlap=0,"""",$F4*workingDaysOverlap/workingDaysInMonth) )"),0.0) -> 0 | R4: =IFERROR(__xludf.DUMMYFUNCTION("LET( monthStart,DATE(VALUE(REGEXEXTRACT(R$1,""\d{4}"")),VALUE(REGEXEXTRACT(R$1,""T(\d+)"")),1), monthEnd,EOMONTH(monthStart,0), actualStart,MAX($D4,monthStart), actualEnd,MIN($E4,monthEnd), workingDaysInMonth,NETWORKDAYS(monthStart,monthEnd), "&"workingDaysOverlap,IF(actualStart>actualEnd,0,NETWORKDAYS(actualStart,actualEnd)), IF(workingDaysOverlap=0,"""",$F4*workingDaysOverlap/workingDaysInMonth) )"),0.0) -> 0 | S4: =IFERROR(__xludf.DUMMYFUNCTION("LET( monthStart,DATE(VALUE(REGEXEXTRACT(S$1,""\d{4}"")),VALUE(REGEXEXTRACT(S$1,""T(\d+)"")),1), monthEnd,EOMONTH(monthStart,0), actualStart,MAX($D4,monthStart), actualEnd,MIN($E4,monthEnd), workingDaysInMonth,NETWORKDAYS(monthStart,monthEnd), "&"workingDaysOverlap,IF(actualStart>actualEnd,0,NETWORKDAYS(actualStart,actualEnd)), IF(workingDaysOverlap=0,"""",$F4*workingDaysOverlap/workingDaysInMonth) )"),0.0) -> 0 | T4: =IFERROR(__xludf.DUMMYFUNCTION("LET( monthStart,DATE(VALUE(REGEXEXTRACT(T$1,""\d{4}"")),VALUE(REGEXEXTRACT(T$1,""T(\d+)"")),1), monthEnd,EOMONTH(monthStart,0), actualStart,MAX($D4,monthStart), actualEnd,MIN($E4,monthEnd), workingDaysInMonth,NETWORKDAYS(monthStart,monthEnd), "&"workingDaysOverlap,IF(actualStart>actualEnd,0,NETWORKDAYS(actualStart,actualEnd)), IF(workingDaysOverlap=0,"""",$F4*workingDaysOverlap/workingDaysInMonth) )"),0.0) -> 0 | U4: =IFERROR(__xludf.DUMMYFUNCTION("LET( monthStart,DATE(VALUE(REGEXEXTRACT(U$1,""\d{4}"")),VALUE(REGEXEXTRACT(U$1,""T(\d+)"")),1), monthEnd,EOMONTH(monthStart,0), actualStart,MAX($D4,monthStart), actualEnd,MIN($E4,monthEnd), workingDaysInMonth,NETWORKDAYS(monthStart,monthEnd), "&"workingDaysOverlap,IF(actualStart>actualEnd,0,NETWORKDAYS(actualStart,actualEnd)), IF(workingDaysOverlap=0,"""",$F4*workingDaysOverlap/workingDaysInMonth) )"),0.0) -> 0 | V4: =IFERROR(__xludf.DUMMYFUNCTION("LET( monthStart,DATE(VALUE(REGEXEXTRACT(V$1,""\d{4}"")),VALUE(REGEXEXTRACT(V$1,""T(\d+)"")),1), monthEnd,EOMONTH(monthStart,0), actualStart,MAX($D4,monthStart), actualEnd,MIN($E4,monthEnd), workingDaysInMonth,NETWORKDAYS(monthStart,monthEnd), "&"workingDaysOverlap,IF(actualStart>actualEnd,0,NETWORKDAYS(actualStart,actualEnd)), IF(workingDaysOverlap=0,"""",$F4*workingDaysOverlap/workingDaysInMonth) )"),0.0) -> 0 | W4: =IFERROR(__xludf.DUMMYFUNCTION("LET( monthStart,DATE(VALUE(REGEXEXTRACT(W$1,""\d{4}"")),VALUE(REGEXEXTRACT(W$1,""T(\d+)"")),1), monthEnd,EOMONTH(monthStart,0), actualStart,MAX($D4,monthStart), actualEnd,MIN($E4,monthEnd), workingDaysInMonth,NETWORKDAYS(monthStart,monthEnd), "&"workingDaysOverlap,IF(actualStart>actualEnd,0,NETWORKDAYS(actualStart,actualEnd)), IF(workingDaysOverlap=0,"""",$F4*workingDaysOverlap/workingDaysInMonth) )"),0.0) -> 0 | X4: =IFERROR(__xludf.DUMMYFUNCTION("LET( monthStart,DATE(VALUE(REGEXEXTRACT(X$1,""\d{4}"")),VALUE(REGEXEXTRACT(X$1,""T(\d+)"")),1), monthEnd,EOMONTH(monthStart,0), actualStart,MAX($D4,monthStart), actualEnd,MIN($E4,monthEnd), workingDaysInMonth,NETWORKDAYS(monthStart,monthEnd), "&"workingDaysOverlap,IF(actualStart>actualEnd,0,NETWORKDAYS(actualStart,actualEnd)), IF(workingDaysOverlap=0,"""",$F4*workingDaysOverlap/workingDaysInMonth) )"),0.0) -> 0 | Y4: =IFERROR(__xludf.DUMMYFUNCTION("LET( monthStart,DATE(VALUE(REGEXEXTRACT(Y$1,""\d{4}"")),VALUE(REGEXEXTRACT(Y$1,""T(\d+)"")),1), monthEnd,EOMONTH(monthStart,0), actualStart,MAX($D4,monthStart), actualEnd,MIN($E4,monthEnd), workingDaysInMonth,NETWORKDAYS(monthStart,monthEnd), "&"workingDaysOverlap,IF(actualStart>actualEnd,0,NETWORKDAYS(actualStart,actualEnd)), IF(workingDaysOverlap=0,"""",$F4*workingDaysOverlap/workingDaysInMonth) )"),0.0) -> 0
G5: =IFERROR(__xludf.DUMMYFUNCTION("LET( monthStart,DATE(VALUE(REGEXEXTRACT(G$1,""\d{4}"")),VALUE(REGEXEXTRACT(G$1,""T(\d+)"")),1), monthEnd,EOMONTH(monthStart,0), actualStart,MAX($D5,monthStart), actualEnd,MIN($E5,monthEnd), workingDaysInMonth,NETWORKDAYS(monthStart,monthEnd), "&"workingDaysOverlap,IF(actualStart>actualEnd,0,NETWORKDAYS(actualStart,actualEnd)), IF(workingDaysOverlap=0,"""",$F5*workingDaysOverlap/workingDaysInMonth) )"),0.0) -> 0 | H5: =IFERROR(__xludf.DUMMYFUNCTION("LET( monthStart,DATE(VALUE(REGEXEXTRACT(H$1,""\d{4}"")),VALUE(REGEXEXTRACT(H$1,""T(\d+)"")),1), monthEnd,EOMONTH(monthStart,0), actualStart,MAX($D5,monthStart), actualEnd,MIN($E5,monthEnd), workingDaysInMonth,NETWORKDAYS(monthStart,monthEnd), "&"workingDaysOverlap,IF(actualStart>actualEnd,0,NETWORKDAYS(actualStart,actualEnd)), IF(workingDaysOverlap=0,"""",$F5*workingDaysOverlap/workingDaysInMonth) )"),0.0) -> 0 | I5: =IFERROR(__xludf.DUMMYFUNCTION("LET( monthStart,DATE(VALUE(REGEXEXTRACT(I$1,""\d{4}"")),VALUE(REGEXEXTRACT(I$1,""T(\d+)"")),1), monthEnd,EOMONTH(monthStart,0), actualStart,MAX($D5,monthStart), actualEnd,MIN($E5,monthEnd), workingDaysInMonth,NETWORKDAYS(monthStart,monthEnd), "&"workingDaysOverlap,IF(actualStart>actualEnd,0,NETWORKDAYS(actualStart,actualEnd)), IF(workingDaysOverlap=0,"""",$F5*workingDaysOverlap/workingDaysInMonth) )"),0.0) -> 0 | J5: =IFERROR(__xludf.DUMMYFUNCTION("LET( monthStart,DATE(VALUE(REGEXEXTRACT(J$1,""\d{4}"")),VALUE(REGEXEXTRACT(J$1,""T(\d+)"")),1), monthEnd,EOMONTH(monthStart,0), actualStart,MAX($D5,monthStart), actualEnd,MIN($E5,monthEnd), workingDaysInMonth,NETWORKDAYS(monthStart,monthEnd), "&"workingDaysOverlap,IF(actualStart>actualEnd,0,NETWORKDAYS(actualStart,actualEnd)), IF(workingDaysOverlap=0,"""",$F5*workingDaysOverlap/workingDaysInMonth) )"),0.0) -> 0 | K5: =IFERROR(__xludf.DUMMYFUNCTION("LET( monthStart,DATE(VALUE(REGEXEXTRACT(K$1,""\d{4}"")),VALUE(REGEXEXTRACT(K$1,""T(\d+)"")),1), monthEnd,EOMONTH(monthStart,0), actualStart,MAX($D5,monthStart), actualEnd,MIN($E5,monthEnd), workingDaysInMonth,NETWORKDAYS(monthStart,monthEnd), "&"workingDaysOverlap,IF(actualStart>actualEnd,0,NETWORKDAYS(actualStart,actualEnd)), IF(workingDaysOverlap=0,"""",$F5*workingDaysOverlap/workingDaysInMonth) )"),0.0) -> 0 | L5: =IFERROR(__xludf.DUMMYFUNCTION("LET( monthStart,DATE(VALUE(REGEXEXTRACT(L$1,""\d{4}"")),VALUE(REGEXEXTRACT(L$1,""T(\d+)"")),1), monthEnd,EOMONTH(monthStart,0), actualStart,MAX($D5,monthStart), actualEnd,MIN($E5,monthEnd), workingDaysInMonth,NETWORKDAYS(monthStart,monthEnd), "&"workingDaysOverlap,IF(actualStart>actualEnd,0,NETWORKDAYS(actualStart,actualEnd)), IF(workingDaysOverlap=0,"""",$F5*workingDaysOverlap/workingDaysInMonth) )"),0.0) -> 0 | M5: =IFERROR(__xludf.DUMMYFUNCTION("LET( monthStart,DATE(VALUE(REGEXEXTRACT(M$1,""\d{4}"")),VALUE(REGEXEXTRACT(M$1,""T(\d+)"")),1), monthEnd,EOMONTH(monthStart,0), actualStart,MAX($D5,monthStart), actualEnd,MIN($E5,monthEnd), workingDaysInMonth,NETWORKDAYS(monthStart,monthEnd), "&"workingDaysOverlap,IF(actualStart>actualEnd,0,NETWORKDAYS(actualStart,actualEnd)), IF(workingDaysOverlap=0,"""",$F5*workingDaysOverlap/workingDaysInMonth) )"),0.0) -> 0 | N5: =IFERROR(__xludf.DUMMYFUNCTION("LET( monthStart,DATE(VALUE(REGEXEXTRACT(N$1,""\d{4}"")),VALUE(REGEXEXTRACT(N$1,""T(\d+)"")),1), monthEnd,EOMONTH(monthStart,0), actualStart,MAX($D5,monthStart), actualEnd,MIN($E5,monthEnd), workingDaysInMonth,NETWORKDAYS(monthStart,monthEnd), "&"workingDaysOverlap,IF(actualStart>actualEnd,0,NETWORKDAYS(actualStart,actualEnd)), IF(workingDaysOverlap=0,"""",$F5*workingDaysOverlap/workingDaysInMonth) )"),0.0) -> 0 | O5: =IFERROR(__xludf.DUMMYFUNCTION("LET( monthStart,DATE(VALUE(REGEXEXTRACT(O$1,""\d{4}"")),VALUE(REGEXEXTRACT(O$1,""T(\d+)"")),1), monthEnd,EOMONTH(monthStart,0), actualStart,MAX($D5,monthStart), actualEnd,MIN($E5,monthEnd), workingDaysInMonth,NETWORKDAYS(monthStart,monthEnd), "&"workingDaysOverlap,IF(actualStart>actualEnd,0,NETWORKDAYS(actualStart,actualEnd)), IF(workingDaysOverlap=0,"""",$F5*workingDaysOverlap/workingDaysInMonth) )"),0.0) -> 0 | P5: =IFERROR(__xludf.DUMMYFUNCTION("LET( monthStart,DATE(VALUE(REGEXEXTRACT(P$1,""\d{4}"")),VALUE(REGEXEXTRACT(P$1,""T(\d+)"")),1), monthEnd,EOMONTH(monthStart,0), actualStart,MAX($D5,monthStart), actualEnd,MIN($E5,monthEnd), workingDaysInMonth,NETWORKDAYS(monthStart,monthEnd), "&"workingDaysOverlap,IF(actualStart>actualEnd,0,NETWORKDAYS(actualStart,actualEnd)), IF(workingDaysOverlap=0,"""",$F5*workingDaysOverlap/workingDaysInMonth) )"),0.0) -> 0 | Q5: =IFERROR(__xludf.DUMMYFUNCTION("LET( monthStart,DATE(VALUE(REGEXEXTRACT(Q$1,""\d{4}"")),VALUE(REGEXEXTRACT(Q$1,""T(\d+)"")),1), monthEnd,EOMONTH(monthStart,0), actualStart,MAX($D5,monthStart), actualEnd,MIN($E5,monthEnd), workingDaysInMonth,NETWORKDAYS(monthStart,monthEnd), "&"workingDaysOverlap,IF(actualStart>actualEnd,0,NETWORKDAYS(actualStart,actualEnd)), IF(workingDaysOverlap=0,"""",$F5*workingDaysOverlap/workingDaysInMonth) )"),0.0) -> 0 | R5: =IFERROR(__xludf.DUMMYFUNCTION("LET( monthStart,DATE(VALUE(REGEXEXTRACT(R$1,""\d{4}"")),VALUE(REGEXEXTRACT(R$1,""T(\d+)"")),1), monthEnd,EOMONTH(monthStart,0), actualStart,MAX($D5,monthStart), actualEnd,MIN($E5,monthEnd), workingDaysInMonth,NETWORKDAYS(monthStart,monthEnd), "&"workingDaysOverlap,IF(actualStart>actualEnd,0,NETWORKDAYS(actualStart,actualEnd)), IF(workingDaysOverlap=0,"""",$F5*workingDaysOverlap/workingDaysInMonth) )"),0.0) -> 0 | S5: =IFERROR(__xludf.DUMMYFUNCTION("LET( monthStart,DATE(VALUE(REGEXEXTRACT(S$1,""\d{4}"")),VALUE(REGEXEXTRACT(S$1,""T(\d+)"")),1), monthEnd,EOMONTH(monthStart,0), actualStart,MAX($D5,monthStart), actualEnd,MIN($E5,monthEnd), workingDaysInMonth,NETWORKDAYS(monthStart,monthEnd), "&"workingDaysOverlap,IF(actualStart>actualEnd,0,NETWORKDAYS(actualStart,actualEnd)), IF(workingDaysOverlap=0,"""",$F5*workingDaysOverlap/workingDaysInMonth) )"),0.0) -> 0 | T5: =IFERROR(__xludf.DUMMYFUNCTION("LET( monthStart,DATE(VALUE(REGEXEXTRACT(T$1,""\d{4}"")),VALUE(REGEXEXTRACT(T$1,""T(\d+)"")),1), monthEnd,EOMONTH(monthStart,0), actualStart,MAX($D5,monthStart), actualEnd,MIN($E5,monthEnd), workingDaysInMonth,NETWORKDAYS(monthStart,monthEnd), "&"workingDaysOverlap,IF(actualStart>actualEnd,0,NETWORKDAYS(actualStart,actualEnd)), IF(workingDaysOverlap=0,"""",$F5*workingDaysOverlap/workingDaysInMonth) )"),0.0) -> 0 | U5: =IFERROR(__xludf.DUMMYFUNCTION("LET( monthStart,DATE(VALUE(REGEXEXTRACT(U$1,""\d{4}"")),VALUE(REGEXEXTRACT(U$1,""T(\d+)"")),1), monthEnd,EOMONTH(monthStart,0), actualStart,MAX($D5,monthStart), actualEnd,MIN($E5,monthEnd), workingDaysInMonth,NETWORKDAYS(monthStart,monthEnd), "&"workingDaysOverlap,IF(actualStart>actualEnd,0,NETWORKDAYS(actualStart,actualEnd)), IF(workingDaysOverlap=0,"""",$F5*workingDaysOverlap/workingDaysInMonth) )"),0.0) -> 0 | V5: =IFERROR(__xludf.DUMMYFUNCTION("LET( monthStart,DATE(VALUE(REGEXEXTRACT(V$1,""\d{4}"")),VALUE(REGEXEXTRACT(V$1,""T(\d+)"")),1), monthEnd,EOMONTH(monthStart,0), actualStart,MAX($D5,monthStart), actualEnd,MIN($E5,monthEnd), workingDaysInMonth,NETWORKDAYS(monthStart,monthEnd), "&"workingDaysOverlap,IF(actualStart>actualEnd,0,NETWORKDAYS(actualStart,actualEnd)), IF(workingDaysOverlap=0,"""",$F5*workingDaysOverlap/workingDaysInMonth) )"),0.0) -> 0 | W5: =IFERROR(__xludf.DUMMYFUNCTION("LET( monthStart,DATE(VALUE(REGEXEXTRACT(W$1,""\d{4}"")),VALUE(REGEXEXTRACT(W$1,""T(\d+)"")),1), monthEnd,EOMONTH(monthStart,0), actualStart,MAX($D5,monthStart), actualEnd,MIN($E5,monthEnd), workingDaysInMonth,NETWORKDAYS(monthStart,monthEnd), "&"workingDaysOverlap,IF(actualStart>actualEnd,0,NETWORKDAYS(actualStart,actualEnd)), IF(workingDaysOverlap=0,"""",$F5*workingDaysOverlap/workingDaysInMonth) )"),0.0) -> 0 | X5: =IFERROR(__xludf.DUMMYFUNCTION("LET( monthStart,DATE(VALUE(REGEXEXTRACT(X$1,""\d{4}"")),VALUE(REGEXEXTRACT(X$1,""T(\d+)"")),1), monthEnd,EOMONTH(monthStart,0), actualStart,MAX($D5,monthStart), actualEnd,MIN($E5,monthEnd), workingDaysInMonth,NETWORKDAYS(monthStart,monthEnd), "&"workingDaysOverlap,IF(actualStart>actualEnd,0,NETWORKDAYS(actualStart,actualEnd)), IF(workingDaysOverlap=0,"""",$F5*workingDaysOverlap/workingDaysInMonth) )"),0.0) -> 0 | Y5: =IFERROR(__xludf.DUMMYFUNCTION("LET( monthStart,DATE(VALUE(REGEXEXTRACT(Y$1,""\d{4}"")),VALUE(REGEXEXTRACT(Y$1,""T(\d+)"")),1), monthEnd,EOMONTH(monthStart,0), actualStart,MAX($D5,monthStart), actualEnd,MIN($E5,monthEnd), workingDaysInMonth,NETWORKDAYS(monthStart,monthEnd), "&"workingDaysOverlap,IF(actualStart>actualEnd,0,NETWORKDAYS(actualStart,actualEnd)), IF(workingDaysOverlap=0,"""",$F5*workingDaysOverlap/workingDaysInMonth) )"),0.0) -> 0
G6: =IFERROR(__xludf.DUMMYFUNCTION("LET( monthStart,DATE(VALUE(REGEXEXTRACT(G$1,""\d{4}"")),VALUE(REGEXEXTRACT(G$1,""T(\d+)"")),1), monthEnd,EOMONTH(monthStart,0), actualStart,MAX($D6,monthStart), actualEnd,MIN($E6,monthEnd), workingDaysInMonth,NETWORKDAYS(monthStart,monthEnd), "&"workingDaysOverlap,IF(actualStart>actualEnd,0,NETWORKDAYS(actualStart,actualEnd)), IF(workingDaysOverlap=0,"""",$F6*workingDaysOverlap/workingDaysInMonth) )"),0.0) -> 0 | H6: =IFERROR(__xludf.DUMMYFUNCTION("LET( monthStart,DATE(VALUE(REGEXEXTRACT(H$1,""\d{4}"")),VALUE(REGEXEXTRACT(H$1,""T(\d+)"")),1), monthEnd,EOMONTH(monthStart,0), actualStart,MAX($D6,monthStart), actualEnd,MIN($E6,monthEnd), workingDaysInMonth,NETWORKDAYS(monthStart,monthEnd), "&"workingDaysOverlap,IF(actualStart>actualEnd,0,NETWORKDAYS(actualStart,actualEnd)), IF(workingDaysOverlap=0,"""",$F6*workingDaysOverlap/workingDaysInMonth) )"),0.0) -> 0 | I6: =IFERROR(__xludf.DUMMYFUNCTION("LET( monthStart,DATE(VALUE(REGEXEXTRACT(I$1,""\d{4}"")),VALUE(REGEXEXTRACT(I$1,""T(\d+)"")),1), monthEnd,EOMONTH(monthStart,0), actualStart,MAX($D6,monthStart), actualEnd,MIN($E6,monthEnd), workingDaysInMonth,NETWORKDAYS(monthStart,monthEnd), "&"workingDaysOverlap,IF(actualStart>actualEnd,0,NETWORKDAYS(actualStart,actualEnd)), IF(workingDaysOverlap=0,"""",$F6*workingDaysOverlap/workingDaysInMonth) )"),0.0) -> 0 | J6: =IFERROR(__xludf.DUMMYFUNCTION("LET( monthStart,DATE(VALUE(REGEXEXTRACT(J$1,""\d{4}"")),VALUE(REGEXEXTRACT(J$1,""T(\d+)"")),1), monthEnd,EOMONTH(monthStart,0), actualStart,MAX($D6,monthStart), actualEnd,MIN($E6,monthEnd), workingDaysInMonth,NETWORKDAYS(monthStart,monthEnd), "&"workingDaysOverlap,IF(actualStart>actualEnd,0,NETWORKDAYS(actualStart,actualEnd)), IF(workingDaysOverlap=0,"""",$F6*workingDaysOverlap/workingDaysInMonth) )"),0.0) -> 0 | K6: =IFERROR(__xludf.DUMMYFUNCTION("LET( monthStart,DATE(VALUE(REGEXEXTRACT(K$1,""\d{4}"")),VALUE(REGEXEXTRACT(K$1,""T(\d+)"")),1), monthEnd,EOMONTH(monthStart,0), actualStart,MAX($D6,monthStart), actualEnd,MIN($E6,monthEnd), workingDaysInMonth,NETWORKDAYS(monthStart,monthEnd), "&"workingDaysOverlap,IF(actualStart>actualEnd,0,NETWORKDAYS(actualStart,actualEnd)), IF(workingDaysOverlap=0,"""",$F6*workingDaysOverlap/workingDaysInMonth) )"),0.0) -> 0 | L6: =IFERROR(__xludf.DUMMYFUNCTION("LET( monthStart,DATE(VALUE(REGEXEXTRACT(L$1,""\d{4}"")),VALUE(REGEXEXTRACT(L$1,""T(\d+)"")),1), monthEnd,EOMONTH(monthStart,0), actualStart,MAX($D6,monthStart), actualEnd,MIN($E6,monthEnd), workingDaysInMonth,NETWORKDAYS(monthStart,monthEnd), "&"workingDaysOverlap,IF(actualStart>actualEnd,0,NETWORKDAYS(actualStart,actualEnd)), IF(workingDaysOverlap=0,"""",$F6*workingDaysOverlap/workingDaysInMonth) )"),0.0) -> 0 | M6: =IFERROR(__xludf.DUMMYFUNCTION("LET( monthStart,DATE(VALUE(REGEXEXTRACT(M$1,""\d{4}"")),VALUE(REGEXEXTRACT(M$1,""T(\d+)"")),1), monthEnd,EOMONTH(monthStart,0), actualStart,MAX($D6,monthStart), actualEnd,MIN($E6,monthEnd), workingDaysInMonth,NETWORKDAYS(monthStart,monthEnd), "&"workingDaysOverlap,IF(actualStart>actualEnd,0,NETWORKDAYS(actualStart,actualEnd)), IF(workingDaysOverlap=0,"""",$F6*workingDaysOverlap/workingDaysInMonth) )"),0.0) -> 0 | N6: =IFERROR(__xludf.DUMMYFUNCTION("LET( monthStart,DATE(VALUE(REGEXEXTRACT(N$1,""\d{4}"")),VALUE(REGEXEXTRACT(N$1,""T(\d+)"")),1), monthEnd,EOMONTH(monthStart,0), actualStart,MAX($D6,monthStart), actualEnd,MIN($E6,monthEnd), workingDaysInMonth,NETWORKDAYS(monthStart,monthEnd), "&"workingDaysOverlap,IF(actualStart>actualEnd,0,NETWORKDAYS(actualStart,actualEnd)), IF(workingDaysOverlap=0,"""",$F6*workingDaysOverlap/workingDaysInMonth) )"),0.0) -> 0 | O6: =IFERROR(__xludf.DUMMYFUNCTION("LET( monthStart,DATE(VALUE(REGEXEXTRACT(O$1,""\d{4}"")),VALUE(REGEXEXTRACT(O$1,""T(\d+)"")),1), monthEnd,EOMONTH(monthStart,0), actualStart,MAX($D6,monthStart), actualEnd,MIN($E6,monthEnd), workingDaysInMonth,NETWORKDAYS(monthStart,monthEnd), "&"workingDaysOverlap,IF(actualStart>actualEnd,0,NETWORKDAYS(actualStart,actualEnd)), IF(workingDaysOverlap=0,"""",$F6*workingDaysOverlap/workingDaysInMonth) )"),0.0) -> 0 | P6: =IFERROR(__xludf.DUMMYFUNCTION("LET( monthStart,DATE(VALUE(REGEXEXTRACT(P$1,""\d{4}"")),VALUE(REGEXEXTRACT(P$1,""T(\d+)"")),1), monthEnd,EOMONTH(monthStart,0), actualStart,MAX($D6,monthStart), actualEnd,MIN($E6,monthEnd), workingDaysInMonth,NETWORKDAYS(monthStart,monthEnd), "&"workingDaysOverlap,IF(actualStart>actualEnd,0,NETWORKDAYS(actualStart,actualEnd)), IF(workingDaysOverlap=0,"""",$F6*workingDaysOverlap/workingDaysInMonth) )"),0.0) -> 0 | Q6: =IFERROR(__xludf.DUMMYFUNCTION("LET( monthStart,DATE(VALUE(REGEXEXTRACT(Q$1,""\d{4}"")),VALUE(REGEXEXTRACT(Q$1,""T(\d+)"")),1), monthEnd,EOMONTH(monthStart,0), actualStart,MAX($D6,monthStart), actualEnd,MIN($E6,monthEnd), workingDaysInMonth,NETWORKDAYS(monthStart,monthEnd), "&"workingDaysOverlap,IF(actualStart>actualEnd,0,NETWORKDAYS(actualStart,actualEnd)), IF(workingDaysOverlap=0,"""",$F6*workingDaysOverlap/workingDaysInMonth) )"),0.0) -> 0 | R6: =IFERROR(__xludf.DUMMYFUNCTION("LET( monthStart,DATE(VALUE(REGEXEXTRACT(R$1,""\d{4}"")),VALUE(REGEXEXTRACT(R$1,""T(\d+)"")),1), monthEnd,EOMONTH(monthStart,0), actualStart,MAX($D6,monthStart), actualEnd,MIN($E6,monthEnd), workingDaysInMonth,NETWORKDAYS(monthStart,monthEnd), "&"workingDaysOverlap,IF(actualStart>actualEnd,0,NETWORKDAYS(actualStart,actualEnd)), IF(workingDaysOverlap=0,"""",$F6*workingDaysOverlap/workingDaysInMonth) )"),0.0) -> 0 | S6: =IFERROR(__xludf.DUMMYFUNCTION("LET( monthStart,DATE(VALUE(REGEXEXTRACT(S$1,""\d{4}"")),VALUE(REGEXEXTRACT(S$1,""T(\d+)"")),1), monthEnd,EOMONTH(monthStart,0), actualStart,MAX($D6,monthStart), actualEnd,MIN($E6,monthEnd), workingDaysInMonth,NETWORKDAYS(monthStart,monthEnd), "&"workingDaysOverlap,IF(actualStart>actualEnd,0,NETWORKDAYS(actualStart,actualEnd)), IF(workingDaysOverlap=0,"""",$F6*workingDaysOverlap/workingDaysInMonth) )"),0.0) -> 0 | T6: =IFERROR(__xludf.DUMMYFUNCTION("LET( monthStart,DATE(VALUE(REGEXEXTRACT(T$1,""\d{4}"")),VALUE(REGEXEXTRACT(T$1,""T(\d+)"")),1), monthEnd,EOMONTH(monthStart,0), actualStart,MAX($D6,monthStart), actualEnd,MIN($E6,monthEnd), workingDaysInMonth,NETWORKDAYS(monthStart,monthEnd), "&"workingDaysOverlap,IF(actualStart>actualEnd,0,NETWORKDAYS(actualStart,actualEnd)), IF(workingDaysOverlap=0,"""",$F6*workingDaysOverlap/workingDaysInMonth) )"),0.0) -> 0 | U6: =IFERROR(__xludf.DUMMYFUNCTION("LET( monthStart,DATE(VALUE(REGEXEXTRACT(U$1,""\d{4}"")),VALUE(REGEXEXTRACT(U$1,""T(\d+)"")),1), monthEnd,EOMONTH(monthStart,0), actualStart,MAX($D6,monthStart), actualEnd,MIN($E6,monthEnd), workingDaysInMonth,NETWORKDAYS(monthStart,monthEnd), "&"workingDaysOverlap,IF(actualStart>actualEnd,0,NETWORKDAYS(actualStart,actualEnd)), IF(workingDaysOverlap=0,"""",$F6*workingDaysOverlap/workingDaysInMonth) )"),0.0) -> 0 | V6: =IFERROR(__xludf.DUMMYFUNCTION("LET( monthStart,DATE(VALUE(REGEXEXTRACT(V$1,""\d{4}"")),VALUE(REGEXEXTRACT(V$1,""T(\d+)"")),1), monthEnd,EOMONTH(monthStart,0), actualStart,MAX($D6,monthStart), actualEnd,MIN($E6,monthEnd), workingDaysInMonth,NETWORKDAYS(monthStart,monthEnd), "&"workingDaysOverlap,IF(actualStart>actualEnd,0,NETWORKDAYS(actualStart,actualEnd)), IF(workingDaysOverlap=0,"""",$F6*workingDaysOverlap/workingDaysInMonth) )"),0.0) -> 0 | W6: =IFERROR(__xludf.DUMMYFUNCTION("LET( monthStart,DATE(VALUE(REGEXEXTRACT(W$1,""\d{4}"")),VALUE(REGEXEXTRACT(W$1,""T(\d+)"")),1), monthEnd,EOMONTH(monthStart,0), actualStart,MAX($D6,monthStart), actualEnd,MIN($E6,monthEnd), workingDaysInMonth,NETWORKDAYS(monthStart,monthEnd), "&"workingDaysOverlap,IF(actualStart>actualEnd,0,NETWORKDAYS(actualStart,actualEnd)), IF(workingDaysOverlap=0,"""",$F6*workingDaysOverlap/workingDaysInMonth) )"),0.0) -> 0 | X6: =IFERROR(__xludf.DUMMYFUNCTION("LET( monthStart,DATE(VALUE(REGEXEXTRACT(X$1,""\d{4}"")),VALUE(REGEXEXTRACT(X$1,""T(\d+)"")),1), monthEnd,EOMONTH(monthStart,0), actualStart,MAX($D6,monthStart), actualEnd,MIN($E6,monthEnd), workingDaysInMonth,NETWORKDAYS(monthStart,monthEnd), "&"workingDaysOverlap,IF(actualStart>actualEnd,0,NETWORKDAYS(actualStart,actualEnd)), IF(workingDaysOverlap=0,"""",$F6*workingDaysOverlap/workingDaysInMonth) )"),0.0) -> 0 | Y6: =IFERROR(__xludf.DUMMYFUNCTION("LET( monthStart,DATE(VALUE(REGEXEXTRACT(Y$1,""\d{4}"")),VALUE(REGEXEXTRACT(Y$1,""T(\d+)"")),1), monthEnd,EOMONTH(monthStart,0), actualStart,MAX($D6,monthStart), actualEnd,MIN($E6,monthEnd), workingDaysInMonth,NETWORKDAYS(monthStart,monthEnd), "&"workingDaysOverlap,IF(actualStart>actualEnd,0,NETWORKDAYS(actualStart,actualEnd)), IF(workingDaysOverlap=0,"""",$F6*workingDaysOverlap/workingDaysInMonth) )"),0.0) -> 0
G7: =IFERROR(__xludf.DUMMYFUNCTION("LET( monthStart,DATE(VALUE(REGEXEXTRACT(G$1,""\d{4}"")),VALUE(REGEXEXTRACT(G$1,""T(\d+)"")),1), monthEnd,EOMONTH(monthStart,0), actualStart,MAX($D7,monthStart), actualEnd,MIN($E7,monthEnd), workingDaysInMonth,NETWORKDAYS(monthStart,monthEnd), "&"workingDaysOverlap,IF(actualStart>actualEnd,0,NETWORKDAYS(actualStart,actualEnd)), IF(workingDaysOverlap=0,"""",$F7*workingDaysOverlap/workingDaysInMonth) )"),0.0) -> 0 | H7: =IFERROR(__xludf.DUMMYFUNCTION("LET( monthStart,DATE(VALUE(REGEXEXTRACT(H$1,""\d{4}"")),VALUE(REGEXEXTRACT(H$1,""T(\d+)"")),1), monthEnd,EOMONTH(monthStart,0), actualStart,MAX($D7,monthStart), actualEnd,MIN($E7,monthEnd), workingDaysInMonth,NETWORKDAYS(monthStart,monthEnd), "&"workingDaysOverlap,IF(actualStart>actualEnd,0,NETWORKDAYS(actualStart,actualEnd)), IF(workingDaysOverlap=0,"""",$F7*workingDaysOverlap/workingDaysInMonth) )"),0.0) -> 0 | I7: =IFERROR(__xludf.DUMMYFUNCTION("LET( monthStart,DATE(VALUE(REGEXEXTRACT(I$1,""\d{4}"")),VALUE(REGEXEXTRACT(I$1,""T(\d+)"")),1), monthEnd,EOMONTH(monthStart,0), actualStart,MAX($D7,monthStart), actualEnd,MIN($E7,monthEnd), workingDaysInMonth,NETWORKDAYS(monthStart,monthEnd), "&"workingDaysOverlap,IF(actualStart>actualEnd,0,NETWORKDAYS(actualStart,actualEnd)), IF(workingDaysOverlap=0,"""",$F7*workingDaysOverlap/workingDaysInMonth) )"),0.0) -> 0 | J7: =IFERROR(__xludf.DUMMYFUNCTION("LET( monthStart,DATE(VALUE(REGEXEXTRACT(J$1,""\d{4}"")),VALUE(REGEXEXTRACT(J$1,""T(\d+)"")),1), monthEnd,EOMONTH(monthStart,0), actualStart,MAX($D7,monthStart), actualEnd,MIN($E7,monthEnd), workingDaysInMonth,NETWORKDAYS(monthStart,monthEnd), "&"workingDaysOverlap,IF(actualStart>actualEnd,0,NETWORKDAYS(actualStart,actualEnd)), IF(workingDaysOverlap=0,"""",$F7*workingDaysOverlap/workingDaysInMonth) )"),0.0) -> 0 | K7: =IFERROR(__xludf.DUMMYFUNCTION("LET( monthStart,DATE(VALUE(REGEXEXTRACT(K$1,""\d{4}"")),VALUE(REGEXEXTRACT(K$1,""T(\d+)"")),1), monthEnd,EOMONTH(monthStart,0), actualStart,MAX($D7,monthStart), actualEnd,MIN($E7,monthEnd), workingDaysInMonth,NETWORKDAYS(monthStart,monthEnd), "&"workingDaysOverlap,IF(actualStart>actualEnd,0,NETWORKDAYS(actualStart,actualEnd)), IF(workingDaysOverlap=0,"""",$F7*workingDaysOverlap/workingDaysInMonth) )"),0.0) -> 0 | L7: =IFERROR(__xludf.DUMMYFUNCTION("LET( monthStart,DATE(VALUE(REGEXEXTRACT(L$1,""\d{4}"")),VALUE(REGEXEXTRACT(L$1,""T(\d+)"")),1), monthEnd,EOMONTH(monthStart,0), actualStart,MAX($D7,monthStart), actualEnd,MIN($E7,monthEnd), workingDaysInMonth,NETWORKDAYS(monthStart,monthEnd), "&"workingDaysOverlap,IF(actualStart>actualEnd,0,NETWORKDAYS(actualStart,actualEnd)), IF(workingDaysOverlap=0,"""",$F7*workingDaysOverlap/workingDaysInMonth) )"),0.0) -> 0 | M7: =IFERROR(__xludf.DUMMYFUNCTION("LET( monthStart,DATE(VALUE(REGEXEXTRACT(M$1,""\d{4}"")),VALUE(REGEXEXTRACT(M$1,""T(\d+)"")),1), monthEnd,EOMONTH(monthStart,0), actualStart,MAX($D7,monthStart), actualEnd,MIN($E7,monthEnd), workingDaysInMonth,NETWORKDAYS(monthStart,monthEnd), "&"workingDaysOverlap,IF(actualStart>actualEnd,0,NETWORKDAYS(actualStart,actualEnd)), IF(workingDaysOverlap=0,"""",$F7*workingDaysOverlap/workingDaysInMonth) )"),0.0) -> 0 | N7: =IFERROR(__xludf.DUMMYFUNCTION("LET( monthStart,DATE(VALUE(REGEXEXTRACT(N$1,""\d{4}"")),VALUE(REGEXEXTRACT(N$1,""T(\d+)"")),1), monthEnd,EOMONTH(monthStart,0), actualStart,MAX($D7,monthStart), actualEnd,MIN($E7,monthEnd), workingDaysInMonth,NETWORKDAYS(monthStart,monthEnd), "&"workingDaysOverlap,IF(actualStart>actualEnd,0,NETWORKDAYS(actualStart,actualEnd)), IF(workingDaysOverlap=0,"""",$F7*workingDaysOverlap/workingDaysInMonth) )"),0.0) -> 0 | O7: =IFERROR(__xludf.DUMMYFUNCTION("LET( monthStart,DATE(VALUE(REGEXEXTRACT(O$1,""\d{4}"")),VALUE(REGEXEXTRACT(O$1,""T(\d+)"")),1), monthEnd,EOMONTH(monthStart,0), actualStart,MAX($D7,monthStart), actualEnd,MIN($E7,monthEnd), workingDaysInMonth,NETWORKDAYS(monthStart,monthEnd), "&"workingDaysOverlap,IF(actualStart>actualEnd,0,NETWORKDAYS(actualStart,actualEnd)), IF(workingDaysOverlap=0,"""",$F7*workingDaysOverlap/workingDaysInMonth) )"),0.0) -> 0 | P7: =IFERROR(__xludf.DUMMYFUNCTION("LET( monthStart,DATE(VALUE(REGEXEXTRACT(P$1,""\d{4}"")),VALUE(REGEXEXTRACT(P$1,""T(\d+)"")),1), monthEnd,EOMONTH(monthStart,0), actualStart,MAX($D7,monthStart), actualEnd,MIN($E7,monthEnd), workingDaysInMonth,NETWORKDAYS(monthStart,monthEnd), "&"workingDaysOverlap,IF(actualStart>actualEnd,0,NETWORKDAYS(actualStart,actualEnd)), IF(workingDaysOverlap=0,"""",$F7*workingDaysOverlap/workingDaysInMonth) )"),0.0) -> 0 | Q7: =IFERROR(__xludf.DUMMYFUNCTION("LET( monthStart,DATE(VALUE(REGEXEXTRACT(Q$1,""\d{4}"")),VALUE(REGEXEXTRACT(Q$1,""T(\d+)"")),1), monthEnd,EOMONTH(monthStart,0), actualStart,MAX($D7,monthStart), actualEnd,MIN($E7,monthEnd), workingDaysInMonth,NETWORKDAYS(monthStart,monthEnd), "&"workingDaysOverlap,IF(actualStart>actualEnd,0,NETWORKDAYS(actualStart,actualEnd)), IF(workingDaysOverlap=0,"""",$F7*workingDaysOverlap/workingDaysInMonth) )"),0.0) -> 0 | R7: =IFERROR(__xludf.DUMMYFUNCTION("LET( monthStart,DATE(VALUE(REGEXEXTRACT(R$1,""\d{4}"")),VALUE(REGEXEXTRACT(R$1,""T(\d+)"")),1), monthEnd,EOMONTH(monthStart,0), actualStart,MAX($D7,monthStart), actualEnd,MIN($E7,monthEnd), workingDaysInMonth,NETWORKDAYS(monthStart,monthEnd), "&"workingDaysOverlap,IF(actualStart>actualEnd,0,NETWORKDAYS(actualStart,actualEnd)), IF(workingDaysOverlap=0,"""",$F7*workingDaysOverlap/workingDaysInMonth) )"),0.0) -> 0 | S7: =IFERROR(__xludf.DUMMYFUNCTION("LET( monthStart,DATE(VALUE(REGEXEXTRACT(S$1,""\d{4}"")),VALUE(REGEXEXTRACT(S$1,""T(\d+)"")),1), monthEnd,EOMONTH(monthStart,0), actualStart,MAX($D7,monthStart), actualEnd,MIN($E7,monthEnd), workingDaysInMonth,NETWORKDAYS(monthStart,monthEnd), "&"workingDaysOverlap,IF(actualStart>actualEnd,0,NETWORKDAYS(actualStart,actualEnd)), IF(workingDaysOverlap=0,"""",$F7*workingDaysOverlap/workingDaysInMonth) )"),0.0) -> 0 | T7: =IFERROR(__xludf.DUMMYFUNCTION("LET( monthStart,DATE(VALUE(REGEXEXTRACT(T$1,""\d{4}"")),VALUE(REGEXEXTRACT(T$1,""T(\d+)"")),1), monthEnd,EOMONTH(monthStart,0), actualStart,MAX($D7,monthStart), actualEnd,MIN($E7,monthEnd), workingDaysInMonth,NETWORKDAYS(monthStart,monthEnd), "&"workingDaysOverlap,IF(actualStart>actualEnd,0,NETWORKDAYS(actualStart,actualEnd)), IF(workingDaysOverlap=0,"""",$F7*workingDaysOverlap/workingDaysInMonth) )"),0.0) -> 0 | U7: =IFERROR(__xludf.DUMMYFUNCTION("LET( monthStart,DATE(VALUE(REGEXEXTRACT(U$1,""\d{4}"")),VALUE(REGEXEXTRACT(U$1,""T(\d+)"")),1), monthEnd,EOMONTH(monthStart,0), actualStart,MAX($D7,monthStart), actualEnd,MIN($E7,monthEnd), workingDaysInMonth,NETWORKDAYS(monthStart,monthEnd), "&"workingDaysOverlap,IF(actualStart>actualEnd,0,NETWORKDAYS(actualStart,actualEnd)), IF(workingDaysOverlap=0,"""",$F7*workingDaysOverlap/workingDaysInMonth) )"),0.0) -> 0 | V7: =IFERROR(__xludf.DUMMYFUNCTION("LET( monthStart,DATE(VALUE(REGEXEXTRACT(V$1,""\d{4}"")),VALUE(REGEXEXTRACT(V$1,""T(\d+)"")),1), monthEnd,EOMONTH(monthStart,0), actualStart,MAX($D7,monthStart), actualEnd,MIN($E7,monthEnd), workingDaysInMonth,NETWORKDAYS(monthStart,monthEnd), "&"workingDaysOverlap,IF(actualStart>actualEnd,0,NETWORKDAYS(actualStart,actualEnd)), IF(workingDaysOverlap=0,"""",$F7*workingDaysOverlap/workingDaysInMonth) )"),0.0) -> 0 | W7: =IFERROR(__xludf.DUMMYFUNCTION("LET( monthStart,DATE(VALUE(REGEXEXTRACT(W$1,""\d{4}"")),VALUE(REGEXEXTRACT(W$1,""T(\d+)"")),1), monthEnd,EOMONTH(monthStart,0), actualStart,MAX($D7,monthStart), actualEnd,MIN($E7,monthEnd), workingDaysInMonth,NETWORKDAYS(monthStart,monthEnd), "&"workingDaysOverlap,IF(actualStart>actualEnd,0,NETWORKDAYS(actualStart,actualEnd)), IF(workingDaysOverlap=0,"""",$F7*workingDaysOverlap/workingDaysInMonth) )"),0.0) -> 0 | X7: =IFERROR(__xludf.DUMMYFUNCTION("LET( monthStart,DATE(VALUE(REGEXEXTRACT(X$1,""\d{4}"")),VALUE(REGEXEXTRACT(X$1,""T(\d+)"")),1), monthEnd,EOMONTH(monthStart,0), actualStart,MAX($D7,monthStart), actualEnd,MIN($E7,monthEnd), workingDaysInMonth,NETWORKDAYS(monthStart,monthEnd), "&"workingDaysOverlap,IF(actualStart>actualEnd,0,NETWORKDAYS(actualStart,actualEnd)), IF(workingDaysOverlap=0,"""",$F7*workingDaysOverlap/workingDaysInMonth) )"),0.0) -> 0 | Y7: =IFERROR(__xludf.DUMMYFUNCTION("LET( monthStart,DATE(VALUE(REGEXEXTRACT(Y$1,""\d{4}"")),VALUE(REGEXEXTRACT(Y$1,""T(\d+)"")),1), monthEnd,EOMONTH(monthStart,0), actualStart,MAX($D7,monthStart), actualEnd,MIN($E7,monthEnd), workingDaysInMonth,NETWORKDAYS(monthStart,monthEnd), "&"workingDaysOverlap,IF(actualStart>actualEnd,0,NETWORKDAYS(actualStart,actualEnd)), IF(workingDaysOverlap=0,"""",$F7*workingDaysOverlap/workingDaysInMonth) )"),0.0) -> 0
G8: =IFERROR(__xludf.DUMMYFUNCTION("LET( monthStart,DATE(VALUE(REGEXEXTRACT(G$1,""\d{4}"")),VALUE(REGEXEXTRACT(G$1,""T(\d+)"")),1), monthEnd,EOMONTH(monthStart,0), actualStart,MAX($D8,monthStart), actualEnd,MIN($E8,monthEnd), workingDaysInMonth,NETWORKDAYS(monthStart,monthEnd), "&"workingDaysOverlap,IF(actualStart>actualEnd,0,NETWORKDAYS(actualStart,actualEnd)), IF(workingDaysOverlap=0,"""",$F8*workingDaysOverlap/workingDaysInMonth) )"),0.0) -> 0 | H8: =IFERROR(__xludf.DUMMYFUNCTION("LET( monthStart,DATE(VALUE(REGEXEXTRACT(H$1,""\d{4}"")),VALUE(REGEXEXTRACT(H$1,""T(\d+)"")),1), monthEnd,EOMONTH(monthStart,0), actualStart,MAX($D8,monthStart), actualEnd,MIN($E8,monthEnd), workingDaysInMonth,NETWORKDAYS(monthStart,monthEnd), "&"workingDaysOverlap,IF(actualStart>actualEnd,0,NETWORKDAYS(actualStart,actualEnd)), IF(workingDaysOverlap=0,"""",$F8*workingDaysOverlap/workingDaysInMonth) )"),0.0) -> 0 | I8: =IFERROR(__xludf.DUMMYFUNCTION("LET( monthStart,DATE(VALUE(REGEXEXTRACT(I$1,""\d{4}"")),VALUE(REGEXEXTRACT(I$1,""T(\d+)"")),1), monthEnd,EOMONTH(monthStart,0), actualStart,MAX($D8,monthStart), actualEnd,MIN($E8,monthEnd), workingDaysInMonth,NETWORKDAYS(monthStart,monthEnd), "&"workingDaysOverlap,IF(actualStart>actualEnd,0,NETWORKDAYS(actualStart,actualEnd)), IF(workingDaysOverlap=0,"""",$F8*workingDaysOverlap/workingDaysInMonth) )"),0.0) -> 0 | J8: =IFERROR(__xludf.DUMMYFUNCTION("LET( monthStart,DATE(VALUE(REGEXEXTRACT(J$1,""\d{4}"")),VALUE(REGEXEXTRACT(J$1,""T(\d+)"")),1), monthEnd,EOMONTH(monthStart,0), actualStart,MAX($D8,monthStart), actualEnd,MIN($E8,monthEnd), workingDaysInMonth,NETWORKDAYS(monthStart,monthEnd), "&"workingDaysOverlap,IF(actualStart>actualEnd,0,NETWORKDAYS(actualStart,actualEnd)), IF(workingDaysOverlap=0,"""",$F8*workingDaysOverlap/workingDaysInMonth) )"),0.0) -> 0 | K8: =IFERROR(__xludf.DUMMYFUNCTION("LET( monthStart,DATE(VALUE(REGEXEXTRACT(K$1,""\d{4}"")),VALUE(REGEXEXTRACT(K$1,""T(\d+)"")),1), monthEnd,EOMONTH(monthStart,0), actualStart,MAX($D8,monthStart), actualEnd,MIN($E8,monthEnd), workingDaysInMonth,NETWORKDAYS(monthStart,monthEnd), "&"workingDaysOverlap,IF(actualStart>actualEnd,0,NETWORKDAYS(actualStart,actualEnd)), IF(workingDaysOverlap=0,"""",$F8*workingDaysOverlap/workingDaysInMonth) )"),0.0) -> 0 | L8: =IFERROR(__xludf.DUMMYFUNCTION("LET( monthStart,DATE(VALUE(REGEXEXTRACT(L$1,""\d{4}"")),VALUE(REGEXEXTRACT(L$1,""T(\d+)"")),1), monthEnd,EOMONTH(monthStart,0), actualStart,MAX($D8,monthStart), actualEnd,MIN($E8,monthEnd), workingDaysInMonth,NETWORKDAYS(monthStart,monthEnd), "&"workingDaysOverlap,IF(actualStart>actualEnd,0,NETWORKDAYS(actualStart,actualEnd)), IF(workingDaysOverlap=0,"""",$F8*workingDaysOverlap/workingDaysInMonth) )"),0.0) -> 0 | M8: =IFERROR(__xludf.DUMMYFUNCTION("LET( monthStart,DATE(VALUE(REGEXEXTRACT(M$1,""\d{4}"")),VALUE(REGEXEXTRACT(M$1,""T(\d+)"")),1), monthEnd,EOMONTH(monthStart,0), actualStart,MAX($D8,monthStart), actualEnd,MIN($E8,monthEnd), workingDaysInMonth,NETWORKDAYS(monthStart,monthEnd), "&"workingDaysOverlap,IF(actualStart>actualEnd,0,NETWORKDAYS(actualStart,actualEnd)), IF(workingDaysOverlap=0,"""",$F8*workingDaysOverlap/workingDaysInMonth) )"),0.0) -> 0 | N8: =IFERROR(__xludf.DUMMYFUNCTION("LET( monthStart,DATE(VALUE(REGEXEXTRACT(N$1,""\d{4}"")),VALUE(REGEXEXTRACT(N$1,""T(\d+)"")),1), monthEnd,EOMONTH(monthStart,0), actualStart,MAX($D8,monthStart), actualEnd,MIN($E8,monthEnd), workingDaysInMonth,NETWORKDAYS(monthStart,monthEnd), "&"workingDaysOverlap,IF(actualStart>actualEnd,0,NETWORKDAYS(actualStart,actualEnd)), IF(workingDaysOverlap=0,"""",$F8*workingDaysOverlap/workingDaysInMonth) )"),0.0) -> 0 | O8: =IFERROR(__xludf.DUMMYFUNCTION("LET( monthStart,DATE(VALUE(REGEXEXTRACT(O$1,""\d{4}"")),VALUE(REGEXEXTRACT(O$1,""T(\d+)"")),1), monthEnd,EOMONTH(monthStart,0), actualStart,MAX($D8,monthStart), actualEnd,MIN($E8,monthEnd), workingDaysInMonth,NETWORKDAYS(monthStart,monthEnd), "&"workingDaysOverlap,IF(actualStart>actualEnd,0,NETWORKDAYS(actualStart,actualEnd)), IF(workingDaysOverlap=0,"""",$F8*workingDaysOverlap/workingDaysInMonth) )"),0.0) -> 0 | P8: =IFERROR(__xludf.DUMMYFUNCTION("LET( monthStart,DATE(VALUE(REGEXEXTRACT(P$1,""\d{4}"")),VALUE(REGEXEXTRACT(P$1,""T(\d+)"")),1), monthEnd,EOMONTH(monthStart,0), actualStart,MAX($D8,monthStart), actualEnd,MIN($E8,monthEnd), workingDaysInMonth,NETWORKDAYS(monthStart,monthEnd), "&"workingDaysOverlap,IF(actualStart>actualEnd,0,NETWORKDAYS(actualStart,actualEnd)), IF(workingDaysOverlap=0,"""",$F8*workingDaysOverlap/workingDaysInMonth) )"),0.0) -> 0 | Q8: =IFERROR(__xludf.DUMMYFUNCTION("LET( monthStart,DATE(VALUE(REGEXEXTRACT(Q$1,""\d{4}"")),VALUE(REGEXEXTRACT(Q$1,""T(\d+)"")),1), monthEnd,EOMONTH(monthStart,0), actualStart,MAX($D8,monthStart), actualEnd,MIN($E8,monthEnd), workingDaysInMonth,NETWORKDAYS(monthStart,monthEnd), "&"workingDaysOverlap,IF(actualStart>actualEnd,0,NETWORKDAYS(actualStart,actualEnd)), IF(workingDaysOverlap=0,"""",$F8*workingDaysOverlap/workingDaysInMonth) )"),0.0) -> 0 | R8: =IFERROR(__xludf.DUMMYFUNCTION("LET( monthStart,DATE(VALUE(REGEXEXTRACT(R$1,""\d{4}"")),VALUE(REGEXEXTRACT(R$1,""T(\d+)"")),1), monthEnd,EOMONTH(monthStart,0), actualStart,MAX($D8,monthStart), actualEnd,MIN($E8,monthEnd), workingDaysInMonth,NETWORKDAYS(monthStart,monthEnd), "&"workingDaysOverlap,IF(actualStart>actualEnd,0,NETWORKDAYS(actualStart,actualEnd)), IF(workingDaysOverlap=0,"""",$F8*workingDaysOverlap/workingDaysInMonth) )"),0.0) -> 0 | S8: =IFERROR(__xludf.DUMMYFUNCTION("LET( monthStart,DATE(VALUE(REGEXEXTRACT(S$1,""\d{4}"")),VALUE(REGEXEXTRACT(S$1,""T(\d+)"")),1), monthEnd,EOMONTH(monthStart,0), actualStart,MAX($D8,monthStart), actualEnd,MIN($E8,monthEnd), workingDaysInMonth,NETWORKDAYS(monthStart,monthEnd), "&"workingDaysOverlap,IF(actualStart>actualEnd,0,NETWORKDAYS(actualStart,actualEnd)), IF(workingDaysOverlap=0,"""",$F8*workingDaysOverlap/workingDaysInMonth) )"),0.0) -> 0 | T8: =IFERROR(__xludf.DUMMYFUNCTION("LET( monthStart,DATE(VALUE(REGEXEXTRACT(T$1,""\d{4}"")),VALUE(REGEXEXTRACT(T$1,""T(\d+)"")),1), monthEnd,EOMONTH(monthStart,0), actualStart,MAX($D8,monthStart), actualEnd,MIN($E8,monthEnd), workingDaysInMonth,NETWORKDAYS(monthStart,monthEnd), "&"workingDaysOverlap,IF(actualStart>actualEnd,0,NETWORKDAYS(actualStart,actualEnd)), IF(workingDaysOverlap=0,"""",$F8*workingDaysOverlap/workingDaysInMonth) )"),0.0) -> 0 | U8: =IFERROR(__xludf.DUMMYFUNCTION("LET( monthStart,DATE(VALUE(REGEXEXTRACT(U$1,""\d{4}"")),VALUE(REGEXEXTRACT(U$1,""T(\d+)"")),1), monthEnd,EOMONTH(monthStart,0), actualStart,MAX($D8,monthStart), actualEnd,MIN($E8,monthEnd), workingDaysInMonth,NETWORKDAYS(monthStart,monthEnd), "&"workingDaysOverlap,IF(actualStart>actualEnd,0,NETWORKDAYS(actualStart,actualEnd)), IF(workingDaysOverlap=0,"""",$F8*workingDaysOverlap/workingDaysInMonth) )"),0.0) -> 0 | V8: =IFERROR(__xludf.DUMMYFUNCTION("LET( monthStart,DATE(VALUE(REGEXEXTRACT(V$1,""\d{4}"")),VALUE(REGEXEXTRACT(V$1,""T(\d+)"")),1), monthEnd,EOMONTH(monthStart,0), actualStart,MAX($D8,monthStart), actualEnd,MIN($E8,monthEnd), workingDaysInMonth,NETWORKDAYS(monthStart,monthEnd), "&"workingDaysOverlap,IF(actualStart>actualEnd,0,NETWORKDAYS(actualStart,actualEnd)), IF(workingDaysOverlap=0,"""",$F8*workingDaysOverlap/workingDaysInMonth) )"),0.0) -> 0 | W8: =IFERROR(__xludf.DUMMYFUNCTION("LET( monthStart,DATE(VALUE(REGEXEXTRACT(W$1,""\d{4}"")),VALUE(REGEXEXTRACT(W$1,""T(\d+)"")),1), monthEnd,EOMONTH(monthStart,0), actualStart,MAX($D8,monthStart), actualEnd,MIN($E8,monthEnd), workingDaysInMonth,NETWORKDAYS(monthStart,monthEnd), "&"workingDaysOverlap,IF(actualStart>actualEnd,0,NETWORKDAYS(actualStart,actualEnd)), IF(workingDaysOverlap=0,"""",$F8*workingDaysOverlap/workingDaysInMonth) )"),0.0) -> 0 | X8: =IFERROR(__xludf.DUMMYFUNCTION("LET( monthStart,DATE(VALUE(REGEXEXTRACT(X$1,""\d{4}"")),VALUE(REGEXEXTRACT(X$1,""T(\d+)"")),1), monthEnd,EOMONTH(monthStart,0), actualStart,MAX($D8,monthStart), actualEnd,MIN($E8,monthEnd), workingDaysInMonth,NETWORKDAYS(monthStart,monthEnd), "&"workingDaysOverlap,IF(actualStart>actualEnd,0,NETWORKDAYS(actualStart,actualEnd)), IF(workingDaysOverlap=0,"""",$F8*workingDaysOverlap/workingDaysInMonth) )"),0.0) -> 0 | Y8: =IFERROR(__xludf.DUMMYFUNCTION("LET( monthStart,DATE(VALUE(REGEXEXTRACT(Y$1,""\d{4}"")),VALUE(REGEXEXTRACT(Y$1,""T(\d+)"")),1), monthEnd,EOMONTH(monthStart,0), actualStart,MAX($D8,monthStart), actualEnd,MIN($E8,monthEnd), workingDaysInMonth,NETWORKDAYS(monthStart,monthEnd), "&"workingDaysOverlap,IF(actualStart>actualEnd,0,NETWORKDAYS(actualStart,actualEnd)), IF(workingDaysOverlap=0,"""",$F8*workingDaysOverlap/workingDaysInMonth) )"),0.0) -> 0
G9: =IFERROR(__xludf.DUMMYFUNCTION("LET( monthStart,DATE(VALUE(REGEXEXTRACT(G$1,""\d{4}"")),VALUE(REGEXEXTRACT(G$1,""T(\d+)"")),1), monthEnd,EOMONTH(monthStart,0), actualStart,MAX($D9,monthStart), actualEnd,MIN($E9,monthEnd), workingDaysInMonth,NETWORKDAYS(monthStart,monthEnd), "&"workingDaysOverlap,IF(actualStart>actualEnd,0,NETWORKDAYS(actualStart,actualEnd)), IF(workingDaysOverlap=0,"""",$F9*workingDaysOverlap/workingDaysInMonth) )"),0.0) -> 0 | H9: =IFERROR(__xludf.DUMMYFUNCTION("LET( monthStart,DATE(VALUE(REGEXEXTRACT(H$1,""\d{4}"")),VALUE(REGEXEXTRACT(H$1,""T(\d+)"")),1), monthEnd,EOMONTH(monthStart,0), actualStart,MAX($D9,monthStart), actualEnd,MIN($E9,monthEnd), workingDaysInMonth,NETWORKDAYS(monthStart,monthEnd), "&"workingDaysOverlap,IF(actualStart>actualEnd,0,NETWORKDAYS(actualStart,actualEnd)), IF(workingDaysOverlap=0,"""",$F9*workingDaysOverlap/workingDaysInMonth) )"),0.0) -> 0 | I9: =IFERROR(__xludf.DUMMYFUNCTION("LET( monthStart,DATE(VALUE(REGEXEXTRACT(I$1,""\d{4}"")),VALUE(REGEXEXTRACT(I$1,""T(\d+)"")),1), monthEnd,EOMONTH(monthStart,0), actualStart,MAX($D9,monthStart), actualEnd,MIN($E9,monthEnd), workingDaysInMonth,NETWORKDAYS(monthStart,monthEnd), "&"workingDaysOverlap,IF(actualStart>actualEnd,0,NETWORKDAYS(actualStart,actualEnd)), IF(workingDaysOverlap=0,"""",$F9*workingDaysOverlap/workingDaysInMonth) )"),0.0) -> 0 | J9: =IFERROR(__xludf.DUMMYFUNCTION("LET( monthStart,DATE(VALUE(REGEXEXTRACT(J$1,""\d{4}"")),VALUE(REGEXEXTRACT(J$1,""T(\d+)"")),1), monthEnd,EOMONTH(monthStart,0), actualStart,MAX($D9,monthStart), actualEnd,MIN($E9,monthEnd), workingDaysInMonth,NETWORKDAYS(monthStart,monthEnd), "&"workingDaysOverlap,IF(actualStart>actualEnd,0,NETWORKDAYS(actualStart,actualEnd)), IF(workingDaysOverlap=0,"""",$F9*workingDaysOverlap/workingDaysInMonth) )"),0.0) -> 0 | K9: =IFERROR(__xludf.DUMMYFUNCTION("LET( monthStart,DATE(VALUE(REGEXEXTRACT(K$1,""\d{4}"")),VALUE(REGEXEXTRACT(K$1,""T(\d+)"")),1), monthEnd,EOMONTH(monthStart,0), actualStart,MAX($D9,monthStart), actualEnd,MIN($E9,monthEnd), workingDaysInMonth,NETWORKDAYS(monthStart,monthEnd), "&"workingDaysOverlap,IF(actualStart>actualEnd,0,NETWORKDAYS(actualStart,actualEnd)), IF(workingDaysOverlap=0,"""",$F9*workingDaysOverlap/workingDaysInMonth) )"),0.0) -> 0 | L9: =IFERROR(__xludf.DUMMYFUNCTION("LET( monthStart,DATE(VALUE(REGEXEXTRACT(L$1,""\d{4}"")),VALUE(REGEXEXTRACT(L$1,""T(\d+)"")),1), monthEnd,EOMONTH(monthStart,0), actualStart,MAX($D9,monthStart), actualEnd,MIN($E9,monthEnd), workingDaysInMonth,NETWORKDAYS(monthStart,monthEnd), "&"workingDaysOverlap,IF(actualStart>actualEnd,0,NETWORKDAYS(actualStart,actualEnd)), IF(workingDaysOverlap=0,"""",$F9*workingDaysOverlap/workingDaysInMonth) )"),0.0) -> 0 | M9: =IFERROR(__xludf.DUMMYFUNCTION("LET( monthStart,DATE(VALUE(REGEXEXTRACT(M$1,""\d{4}"")),VALUE(REGEXEXTRACT(M$1,""T(\d+)"")),1), monthEnd,EOMONTH(monthStart,0), actualStart,MAX($D9,monthStart), actualEnd,MIN($E9,monthEnd), workingDaysInMonth,NETWORKDAYS(monthStart,monthEnd), "&"workingDaysOverlap,IF(actualStart>actualEnd,0,NETWORKDAYS(actualStart,actualEnd)), IF(workingDaysOverlap=0,"""",$F9*workingDaysOverlap/workingDaysInMonth) )"),0.0) -> 0 | N9: =IFERROR(__xludf.DUMMYFUNCTION("LET( monthStart,DATE(VALUE(REGEXEXTRACT(N$1,""\d{4}"")),VALUE(REGEXEXTRACT(N$1,""T(\d+)"")),1), monthEnd,EOMONTH(monthStart,0), actualStart,MAX($D9,monthStart), actualEnd,MIN($E9,monthEnd), workingDaysInMonth,NETWORKDAYS(monthStart,monthEnd), "&"workingDaysOverlap,IF(actualStart>actualEnd,0,NETWORKDAYS(actualStart,actualEnd)), IF(workingDaysOverlap=0,"""",$F9*workingDaysOverlap/workingDaysInMonth) )"),0.0) -> 0 | O9: =IFERROR(__xludf.DUMMYFUNCTION("LET( monthStart,DATE(VALUE(REGEXEXTRACT(O$1,""\d{4}"")),VALUE(REGEXEXTRACT(O$1,""T(\d+)"")),1), monthEnd,EOMONTH(monthStart,0), actualStart,MAX($D9,monthStart), actualEnd,MIN($E9,monthEnd), workingDaysInMonth,NETWORKDAYS(monthStart,monthEnd), "&"workingDaysOverlap,IF(actualStart>actualEnd,0,NETWORKDAYS(actualStart,actualEnd)), IF(workingDaysOverlap=0,"""",$F9*workingDaysOverlap/workingDaysInMonth) )"),0.0) -> 0 | P9: =IFERROR(__xludf.DUMMYFUNCTION("LET( monthStart,DATE(VALUE(REGEXEXTRACT(P$1,""\d{4}"")),VALUE(REGEXEXTRACT(P$1,""T(\d+)"")),1), monthEnd,EOMONTH(monthStart,0), actualStart,MAX($D9,monthStart), actualEnd,MIN($E9,monthEnd), workingDaysInMonth,NETWORKDAYS(monthStart,monthEnd), "&"workingDaysOverlap,IF(actualStart>actualEnd,0,NETWORKDAYS(actualStart,actualEnd)), IF(workingDaysOverlap=0,"""",$F9*workingDaysOverlap/workingDaysInMonth) )"),0.0) -> 0 | Q9: =IFERROR(__xludf.DUMMYFUNCTION("LET( monthStart,DATE(VALUE(REGEXEXTRACT(Q$1,""\d{4}"")),VALUE(REGEXEXTRACT(Q$1,""T(\d+)"")),1), monthEnd,EOMONTH(monthStart,0), actualStart,MAX($D9,monthStart), actualEnd,MIN($E9,monthEnd), workingDaysInMonth,NETWORKDAYS(monthStart,monthEnd), "&"workingDaysOverlap,IF(actualStart>actualEnd,0,NETWORKDAYS(actualStart,actualEnd)), IF(workingDaysOverlap=0,"""",$F9*workingDaysOverlap/workingDaysInMonth) )"),0.0) -> 0 | R9: =IFERROR(__xludf.DUMMYFUNCTION("LET( monthStart,DATE(VALUE(REGEXEXTRACT(R$1,""\d{4}"")),VALUE(REGEXEXTRACT(R$1,""T(\d+)"")),1), monthEnd,EOMONTH(monthStart,0), actualStart,MAX($D9,monthStart), actualEnd,MIN($E9,monthEnd), workingDaysInMonth,NETWORKDAYS(monthStart,monthEnd), "&"workingDaysOverlap,IF(actualStart>actualEnd,0,NETWORKDAYS(actualStart,actualEnd)), IF(workingDaysOverlap=0,"""",$F9*workingDaysOverlap/workingDaysInMonth) )"),0.0) -> 0 | S9: =IFERROR(__xludf.DUMMYFUNCTION("LET( monthStart,DATE(VALUE(REGEXEXTRACT(S$1,""\d{4}"")),VALUE(REGEXEXTRACT(S$1,""T(\d+)"")),1), monthEnd,EOMONTH(monthStart,0), actualStart,MAX($D9,monthStart), actualEnd,MIN($E9,monthEnd), workingDaysInMonth,NETWORKDAYS(monthStart,monthEnd), "&"workingDaysOverlap,IF(actualStart>actualEnd,0,NETWORKDAYS(actualStart,actualEnd)), IF(workingDaysOverlap=0,"""",$F9*workingDaysOverlap/workingDaysInMonth) )"),0.0) -> 0 | T9: =IFERROR(__xludf.DUMMYFUNCTION("LET( monthStart,DATE(VALUE(REGEXEXTRACT(T$1,""\d{4}"")),VALUE(REGEXEXTRACT(T$1,""T(\d+)"")),1), monthEnd,EOMONTH(monthStart,0), actualStart,MAX($D9,monthStart), actualEnd,MIN($E9,monthEnd), workingDaysInMonth,NETWORKDAYS(monthStart,monthEnd), "&"workingDaysOverlap,IF(actualStart>actualEnd,0,NETWORKDAYS(actualStart,actualEnd)), IF(workingDaysOverlap=0,"""",$F9*workingDaysOverlap/workingDaysInMonth) )"),0.0) -> 0 | U9: =IFERROR(__xludf.DUMMYFUNCTION("LET( monthStart,DATE(VALUE(REGEXEXTRACT(U$1,""\d{4}"")),VALUE(REGEXEXTRACT(U$1,""T(\d+)"")),1), monthEnd,EOMONTH(monthStart,0), actualStart,MAX($D9,monthStart), actualEnd,MIN($E9,monthEnd), workingDaysInMonth,NETWORKDAYS(monthStart,monthEnd), "&"workingDaysOverlap,IF(actualStart>actualEnd,0,NETWORKDAYS(actualStart,actualEnd)), IF(workingDaysOverlap=0,"""",$F9*workingDaysOverlap/workingDaysInMonth) )"),0.0) -> 0 | V9: =IFERROR(__xludf.DUMMYFUNCTION("LET( monthStart,DATE(VALUE(REGEXEXTRACT(V$1,""\d{4}"")),VALUE(REGEXEXTRACT(V$1,""T(\d+)"")),1), monthEnd,EOMONTH(monthStart,0), actualStart,MAX($D9,monthStart), actualEnd,MIN($E9,monthEnd), workingDaysInMonth,NETWORKDAYS(monthStart,monthEnd), "&"workingDaysOverlap,IF(actualStart>actualEnd,0,NETWORKDAYS(actualStart,actualEnd)), IF(workingDaysOverlap=0,"""",$F9*workingDaysOverlap/workingDaysInMonth) )"),0.0) -> 0 | W9: =IFERROR(__xludf.DUMMYFUNCTION("LET( monthStart,DATE(VALUE(REGEXEXTRACT(W$1,""\d{4}"")),VALUE(REGEXEXTRACT(W$1,""T(\d+)"")),1), monthEnd,EOMONTH(monthStart,0), actualStart,MAX($D9,monthStart), actualEnd,MIN($E9,monthEnd), workingDaysInMonth,NETWORKDAYS(monthStart,monthEnd), "&"workingDaysOverlap,IF(actualStart>actualEnd,0,NETWORKDAYS(actualStart,actualEnd)), IF(workingDaysOverlap=0,"""",$F9*workingDaysOverlap/workingDaysInMonth) )"),0.0) -> 0 | X9: =IFERROR(__xludf.DUMMYFUNCTION("LET( monthStart,DATE(VALUE(REGEXEXTRACT(X$1,""\d{4}"")),VALUE(REGEXEXTRACT(X$1,""T(\d+)"")),1), monthEnd,EOMONTH(monthStart,0), actualStart,MAX($D9,monthStart), actualEnd,MIN($E9,monthEnd), workingDaysInMonth,NETWORKDAYS(monthStart,monthEnd), "&"workingDaysOverlap,IF(actualStart>actualEnd,0,NETWORKDAYS(actualStart,actualEnd)), IF(workingDaysOverlap=0,"""",$F9*workingDaysOverlap/workingDaysInMonth) )"),0.0) -> 0 | Y9: =IFERROR(__xludf.DUMMYFUNCTION("LET( monthStart,DATE(VALUE(REGEXEXTRACT(Y$1,""\d{4}"")),VALUE(REGEXEXTRACT(Y$1,""T(\d+)"")),1), monthEnd,EOMONTH(monthStart,0), actualStart,MAX($D9,monthStart), actualEnd,MIN($E9,monthEnd), workingDaysInMonth,NETWORKDAYS(monthStart,monthEnd), "&"workingDaysOverlap,IF(actualStart>actualEnd,0,NETWORKDAYS(actualStart,actualEnd)), IF(workingDaysOverlap=0,"""",$F9*workingDaysOverlap/workingDaysInMonth) )"),0.0) -> 0
G10: =IFERROR(__xludf.DUMMYFUNCTION("LET( monthStart,DATE(VALUE(REGEXEXTRACT(G$1,""\d{4}"")),VALUE(REGEXEXTRACT(G$1,""T(\d+)"")),1), monthEnd,EOMONTH(monthStart,0), actualStart,MAX($D10,monthStart), actualEnd,MIN($E10,monthEnd), workingDaysInMonth,NETWORKDAYS(monthStart,monthEnd), "&" workingDaysOverlap,IF(actualStart>actualEnd,0,NETWORKDAYS(actualStart,actualEnd)), IF(workingDaysOverlap=0,"""",$F10*workingDaysOverlap/workingDaysInMonth) )"),0.0) -> 0 | H10: =IFERROR(__xludf.DUMMYFUNCTION("LET( monthStart,DATE(VALUE(REGEXEXTRACT(H$1,""\d{4}"")),VALUE(REGEXEXTRACT(H$1,""T(\d+)"")),1), monthEnd,EOMONTH(monthStart,0), actualStart,MAX($D10,monthStart), actualEnd,MIN($E10,monthEnd), workingDaysInMonth,NETWORKDAYS(monthStart,monthEnd), "&" workingDaysOverlap,IF(actualStart>actualEnd,0,NETWORKDAYS(actualStart,actualEnd)), IF(workingDaysOverlap=0,"""",$F10*workingDaysOverlap/workingDaysInMonth) )"),0.0) -> 0 | I10: =IFERROR(__xludf.DUMMYFUNCTION("LET( monthStart,DATE(VALUE(REGEXEXTRACT(I$1,""\d{4}"")),VALUE(REGEXEXTRACT(I$1,""T(\d+)"")),1), monthEnd,EOMONTH(monthStart,0), actualStart,MAX($D10,monthStart), actualEnd,MIN($E10,monthEnd), workingDaysInMonth,NETWORKDAYS(monthStart,monthEnd), "&" workingDaysOverlap,IF(actualStart>actualEnd,0,NETWORKDAYS(actualStart,actualEnd)), IF(workingDaysOverlap=0,"""",$F10*workingDaysOverlap/workingDaysInMonth) )"),0.0) -> 0 | J10: =IFERROR(__xludf.DUMMYFUNCTION("LET( monthStart,DATE(VALUE(REGEXEXTRACT(J$1,""\d{4}"")),VALUE(REGEXEXTRACT(J$1,""T(\d+)"")),1), monthEnd,EOMONTH(monthStart,0), actualStart,MAX($D10,monthStart), actualEnd,MIN($E10,monthEnd), workingDaysInMonth,NETWORKDAYS(monthStart,monthEnd), "&" workingDaysOverlap,IF(actualStart>actualEnd,0,NETWORKDAYS(actualStart,actualEnd)), IF(workingDaysOverlap=0,"""",$F10*workingDaysOverlap/workingDaysInMonth) )"),0.0) -> 0 | K10: =IFERROR(__xludf.DUMMYFUNCTION("LET( monthStart,DATE(VALUE(REGEXEXTRACT(K$1,""\d{4}"")),VALUE(REGEXEXTRACT(K$1,""T(\d+)"")),1), monthEnd,EOMONTH(monthStart,0), actualStart,MAX($D10,monthStart), actualEnd,MIN($E10,monthEnd), workingDaysInMonth,NETWORKDAYS(monthStart,monthEnd), "&" workingDaysOverlap,IF(actualStart>actualEnd,0,NETWORKDAYS(actualStart,actualEnd)), IF(workingDaysOverlap=0,"""",$F10*workingDaysOverlap/workingDaysInMonth) )"),0.0) -> 0 | L10: =IFERROR(__xludf.DUMMYFUNCTION("LET( monthStart,DATE(VALUE(REGEXEXTRACT(L$1,""\d{4}"")),VALUE(REGEXEXTRACT(L$1,""T(\d+)"")),1), monthEnd,EOMONTH(monthStart,0), actualStart,MAX($D10,monthStart), actualEnd,MIN($E10,monthEnd), workingDaysInMonth,NETWORKDAYS(monthStart,monthEnd), "&" workingDaysOverlap,IF(actualStart>actualEnd,0,NETWORKDAYS(actualStart,actualEnd)), IF(workingDaysOverlap=0,"""",$F10*workingDaysOverlap/workingDaysInMonth) )"),0.0) -> 0 | M10: =IFERROR(__xludf.DUMMYFUNCTION("LET( monthStart,DATE(VALUE(REGEXEXTRACT(M$1,""\d{4}"")),VALUE(REGEXEXTRACT(M$1,""T(\d+)"")),1), monthEnd,EOMONTH(monthStart,0), actualStart,MAX($D10,monthStart), actualEnd,MIN($E10,monthEnd), workingDaysInMonth,NETWORKDAYS(monthStart,monthEnd), "&" workingDaysOverlap,IF(actualStart>actualEnd,0,NETWORKDAYS(actualStart,actualEnd)), IF(workingDaysOverlap=0,"""",$F10*workingDaysOverlap/workingDaysInMonth) )"),0.0) -> 0 | N10: =IFERROR(__xludf.DUMMYFUNCTION("LET( monthStart,DATE(VALUE(REGEXEXTRACT(N$1,""\d{4}"")),VALUE(REGEXEXTRACT(N$1,""T(\d+)"")),1), monthEnd,EOMONTH(monthStart,0), actualStart,MAX($D10,monthStart), actualEnd,MIN($E10,monthEnd), workingDaysInMonth,NETWORKDAYS(monthStart,monthEnd), "&" workingDaysOverlap,IF(actualStart>actualEnd,0,NETWORKDAYS(actualStart,actualEnd)), IF(workingDaysOverlap=0,"""",$F10*workingDaysOverlap/workingDaysInMonth) )"),0.0) -> 0 | O10: =IFERROR(__xludf.DUMMYFUNCTION("LET( monthStart,DATE(VALUE(REGEXEXTRACT(O$1,""\d{4}"")),VALUE(REGEXEXTRACT(O$1,""T(\d+)"")),1), monthEnd,EOMONTH(monthStart,0), actualStart,MAX($D10,monthStart), actualEnd,MIN($E10,monthEnd), workingDaysInMonth,NETWORKDAYS(monthStart,monthEnd), "&" workingDaysOverlap,IF(actualStart>actualEnd,0,NETWORKDAYS(actualStart,actualEnd)), IF(workingDaysOverlap=0,"""",$F10*workingDaysOverlap/workingDaysInMonth) )"),0.0) -> 0 | P10: =IFERROR(__xludf.DUMMYFUNCTION("LET( monthStart,DATE(VALUE(REGEXEXTRACT(P$1,""\d{4}"")),VALUE(REGEXEXTRACT(P$1,""T(\d+)"")),1), monthEnd,EOMONTH(monthStart,0), actualStart,MAX($D10,monthStart), actualEnd,MIN($E10,monthEnd), workingDaysInMonth,NETWORKDAYS(monthStart,monthEnd), "&" workingDaysOverlap,IF(actualStart>actualEnd,0,NETWORKDAYS(actualStart,actualEnd)), IF(workingDaysOverlap=0,"""",$F10*workingDaysOverlap/workingDaysInMonth) )"),0.0) -> 0 | Q10: =IFERROR(__xludf.DUMMYFUNCTION("LET( monthStart,DATE(VALUE(REGEXEXTRACT(Q$1,""\d{4}"")),VALUE(REGEXEXTRACT(Q$1,""T(\d+)"")),1), monthEnd,EOMONTH(monthStart,0), actualStart,MAX($D10,monthStart), actualEnd,MIN($E10,monthEnd), workingDaysInMonth,NETWORKDAYS(monthStart,monthEnd), "&" workingDaysOverlap,IF(actualStart>actualEnd,0,NETWORKDAYS(actualStart,actualEnd)), IF(workingDaysOverlap=0,"""",$F10*workingDaysOverlap/workingDaysInMonth) )"),0.0) -> 0 | R10: =IFERROR(__xludf.DUMMYFUNCTION("LET( monthStart,DATE(VALUE(REGEXEXTRACT(R$1,""\d{4}"")),VALUE(REGEXEXTRACT(R$1,""T(\d+)"")),1), monthEnd,EOMONTH(monthStart,0), actualStart,MAX($D10,monthStart), actualEnd,MIN($E10,monthEnd), workingDaysInMonth,NETWORKDAYS(monthStart,monthEnd), "&" workingDaysOverlap,IF(actualStart>actualEnd,0,NETWORKDAYS(actualStart,actualEnd)), IF(workingDaysOverlap=0,"""",$F10*workingDaysOverlap/workingDaysInMonth) )"),0.0) -> 0 | S10: =IFERROR(__xludf.DUMMYFUNCTION("LET( monthStart,DATE(VALUE(REGEXEXTRACT(S$1,""\d{4}"")),VALUE(REGEXEXTRACT(S$1,""T(\d+)"")),1), monthEnd,EOMONTH(monthStart,0), actualStart,MAX($D10,monthStart), actualEnd,MIN($E10,monthEnd), workingDaysInMonth,NETWORKDAYS(monthStart,monthEnd), "&" workingDaysOverlap,IF(actualStart>actualEnd,0,NETWORKDAYS(actualStart,actualEnd)), IF(workingDaysOverlap=0,"""",$F10*workingDaysOverlap/workingDaysInMonth) )"),0.0) -> 0 | T10: =IFERROR(__xludf.DUMMYFUNCTION("LET( monthStart,DATE(VALUE(REGEXEXTRACT(T$1,""\d{4}"")),VALUE(REGEXEXTRACT(T$1,""T(\d+)"")),1), monthEnd,EOMONTH(monthStart,0), actualStart,MAX($D10,monthStart), actualEnd,MIN($E10,monthEnd), workingDaysInMonth,NETWORKDAYS(monthStart,monthEnd), "&" workingDaysOverlap,IF(actualStart>actualEnd,0,NETWORKDAYS(actualStart,actualEnd)), IF(workingDaysOverlap=0,"""",$F10*workingDaysOverlap/workingDaysInMonth) )"),0.0) -> 0 | U10: =IFERROR(__xludf.DUMMYFUNCTION("LET( monthStart,DATE(VALUE(REGEXEXTRACT(U$1,""\d{4}"")),VALUE(REGEXEXTRACT(U$1,""T(\d+)"")),1), monthEnd,EOMONTH(monthStart,0), actualStart,MAX($D10,monthStart), actualEnd,MIN($E10,monthEnd), workingDaysInMonth,NETWORKDAYS(monthStart,monthEnd), "&" workingDaysOverlap,IF(actualStart>actualEnd,0,NETWORKDAYS(actualStart,actualEnd)), IF(workingDaysOverlap=0,"""",$F10*workingDaysOverlap/workingDaysInMonth) )"),0.0) -> 0 | V10: =IFERROR(__xludf.DUMMYFUNCTION("LET( monthStart,DATE(VALUE(REGEXEXTRACT(V$1,""\d{4}"")),VALUE(REGEXEXTRACT(V$1,""T(\d+)"")),1), monthEnd,EOMONTH(monthStart,0), actualStart,MAX($D10,monthStart), actualEnd,MIN($E10,monthEnd), workingDaysInMonth,NETWORKDAYS(monthStart,monthEnd), "&" workingDaysOverlap,IF(actualStart>actualEnd,0,NETWORKDAYS(actualStart,actualEnd)), IF(workingDaysOverlap=0,"""",$F10*workingDaysOverlap/workingDaysInMonth) )"),0.0) -> 0 | W10: =IFERROR(__xludf.DUMMYFUNCTION("LET( monthStart,DATE(VALUE(REGEXEXTRACT(W$1,""\d{4}"")),VALUE(REGEXEXTRACT(W$1,""T(\d+)"")),1), monthEnd,EOMONTH(monthStart,0), actualStart,MAX($D10,monthStart), actualEnd,MIN($E10,monthEnd), workingDaysInMonth,NETWORKDAYS(monthStart,monthEnd), "&" workingDaysOverlap,IF(actualStart>actualEnd,0,NETWORKDAYS(actualStart,actualEnd)), IF(workingDaysOverlap=0,"""",$F10*workingDaysOverlap/workingDaysInMonth) )"),0.0) -> 0 | X10: =IFERROR(__xludf.DUMMYFUNCTION("LET( monthStart,DATE(VALUE(REGEXEXTRACT(X$1,""\d{4}"")),VALUE(REGEXEXTRACT(X$1,""T(\d+)"")),1), monthEnd,EOMONTH(monthStart,0), actualStart,MAX($D10,monthStart), actualEnd,MIN($E10,monthEnd), workingDaysInMonth,NETWORKDAYS(monthStart,monthEnd), "&" workingDaysOverlap,IF(actualStart>actualEnd,0,NETWORKDAYS(actualStart,actualEnd)), IF(workingDaysOverlap=0,"""",$F10*workingDaysOverlap/workingDaysInMonth) )"),0.0) -> 0 | Y10: =IFERROR(__xludf.DUMMYFUNCTION("LET( monthStart,DATE(VALUE(REGEXEXTRACT(Y$1,""\d{4}"")),VALUE(REGEXEXTRACT(Y$1,""T(\d+)"")),1), monthEnd,EOMONTH(monthStart,0), actualStart,MAX($D10,monthStart), actualEnd,MIN($E10,monthEnd), workingDaysInMonth,NETWORKDAYS(monthStart,monthEnd), "&" workingDaysOverlap,IF(actualStart>actualEnd,0,NETWORKDAYS(actualStart,actualEnd)), IF(workingDaysOverlap=0,"""",$F10*workingDaysOverlap/workingDaysInMonth) )"),0.0) -> 0
G11: =IFERROR(__xludf.DUMMYFUNCTION("LET( monthStart,DATE(VALUE(REGEXEXTRACT(G$1,""\d{4}"")),VALUE(REGEXEXTRACT(G$1,""T(\d+)"")),1), monthEnd,EOMONTH(monthStart,0), actualStart,MAX($D11,monthStart), actualEnd,MIN($E11,monthEnd), workingDaysInMonth,NETWORKDAYS(monthStart,monthEnd), "&" workingDaysOverlap,IF(actualStart>actualEnd,0,NETWORKDAYS(actualStart,actualEnd)), IF(workingDaysOverlap=0,"""",$F11*workingDaysOverlap/workingDaysInMonth) )"),0.0) -> 0 | H11: =IFERROR(__xludf.DUMMYFUNCTION("LET( monthStart,DATE(VALUE(REGEXEXTRACT(H$1,""\d{4}"")),VALUE(REGEXEXTRACT(H$1,""T(\d+)"")),1), monthEnd,EOMONTH(monthStart,0), actualStart,MAX($D11,monthStart), actualEnd,MIN($E11,monthEnd), workingDaysInMonth,NETWORKDAYS(monthStart,monthEnd), "&" workingDaysOverlap,IF(actualStart>actualEnd,0,NETWORKDAYS(actualStart,actualEnd)), IF(workingDaysOverlap=0,"""",$F11*workingDaysOverlap/workingDaysInMonth) )"),0.0) -> 0 | I11: =IFERROR(__xludf.DUMMYFUNCTION("LET( monthStart,DATE(VALUE(REGEXEXTRACT(I$1,""\d{4}"")),VALUE(REGEXEXTRACT(I$1,""T(\d+)"")),1), monthEnd,EOMONTH(monthStart,0), actualStart,MAX($D11,monthStart), actualEnd,MIN($E11,monthEnd), workingDaysInMonth,NETWORKDAYS(monthStart,monthEnd), "&" workingDaysOverlap,IF(actualStart>actualEnd,0,NETWORKDAYS(actualStart,actualEnd)), IF(workingDaysOverlap=0,"""",$F11*workingDaysOverlap/workingDaysInMonth) )"),0.0) -> 0 | J11: =IFERROR(__xludf.DUMMYFUNCTION("LET( monthStart,DATE(VALUE(REGEXEXTRACT(J$1,""\d{4}"")),VALUE(REGEXEXTRACT(J$1,""T(\d+)"")),1), monthEnd,EOMONTH(monthStart,0), actualStart,MAX($D11,monthStart), actualEnd,MIN($E11,monthEnd), workingDaysInMonth,NETWORKDAYS(monthStart,monthEnd), "&" workingDaysOverlap,IF(actualStart>actualEnd,0,NETWORKDAYS(actualStart,actualEnd)), IF(workingDaysOverlap=0,"""",$F11*workingDaysOverlap/workingDaysInMonth) )"),0.0) -> 0 | K11: =IFERROR(__xludf.DUMMYFUNCTION("LET( monthStart,DATE(VALUE(REGEXEXTRACT(K$1,""\d{4}"")),VALUE(REGEXEXTRACT(K$1,""T(\d+)"")),1), monthEnd,EOMONTH(monthStart,0), actualStart,MAX($D11,monthStart), actualEnd,MIN($E11,monthEnd), workingDaysInMonth,NETWORKDAYS(monthStart,monthEnd), "&" workingDaysOverlap,IF(actualStart>actualEnd,0,NETWORKDAYS(actualStart,actualEnd)), IF(workingDaysOverlap=0,"""",$F11*workingDaysOverlap/workingDaysInMonth) )"),0.0) -> 0 | L11: =IFERROR(__xludf.DUMMYFUNCTION("LET( monthStart,DATE(VALUE(REGEXEXTRACT(L$1,""\d{4}"")),VALUE(REGEXEXTRACT(L$1,""T(\d+)"")),1), monthEnd,EOMONTH(monthStart,0), actualStart,MAX($D11,monthStart), actualEnd,MIN($E11,monthEnd), workingDaysInMonth,NETWORKDAYS(monthStart,monthEnd), "&" workingDaysOverlap,IF(actualStart>actualEnd,0,NETWORKDAYS(actualStart,actualEnd)), IF(workingDaysOverlap=0,"""",$F11*workingDaysOverlap/workingDaysInMonth) )"),0.0) -> 0 | M11: =IFERROR(__xludf.DUMMYFUNCTION("LET( monthStart,DATE(VALUE(REGEXEXTRACT(M$1,""\d{4}"")),VALUE(REGEXEXTRACT(M$1,""T(\d+)"")),1), monthEnd,EOMONTH(monthStart,0), actualStart,MAX($D11,monthStart), actualEnd,MIN($E11,monthEnd), workingDaysInMonth,NETWORKDAYS(monthStart,monthEnd), "&" workingDaysOverlap,IF(actualStart>actualEnd,0,NETWORKDAYS(actualStart,actualEnd)), IF(workingDaysOverlap=0,"""",$F11*workingDaysOverlap/workingDaysInMonth) )"),0.0) -> 0 | N11: =IFERROR(__xludf.DUMMYFUNCTION("LET( monthStart,DATE(VALUE(REGEXEXTRACT(N$1,""\d{4}"")),VALUE(REGEXEXTRACT(N$1,""T(\d+)"")),1), monthEnd,EOMONTH(monthStart,0), actualStart,MAX($D11,monthStart), actualEnd,MIN($E11,monthEnd), workingDaysInMonth,NETWORKDAYS(monthStart,monthEnd), "&" workingDaysOverlap,IF(actualStart>actualEnd,0,NETWORKDAYS(actualStart,actualEnd)), IF(workingDaysOverlap=0,"""",$F11*workingDaysOverlap/workingDaysInMonth) )"),0.0) -> 0 | O11: =IFERROR(__xludf.DUMMYFUNCTION("LET( monthStart,DATE(VALUE(REGEXEXTRACT(O$1,""\d{4}"")),VALUE(REGEXEXTRACT(O$1,""T(\d+)"")),1), monthEnd,EOMONTH(monthStart,0), actualStart,MAX($D11,monthStart), actualEnd,MIN($E11,monthEnd), workingDaysInMonth,NETWORKDAYS(monthStart,monthEnd), "&" workingDaysOverlap,IF(actualStart>actualEnd,0,NETWORKDAYS(actualStart,actualEnd)), IF(workingDaysOverlap=0,"""",$F11*workingDaysOverlap/workingDaysInMonth) )"),0.0) -> 0 | P11: =IFERROR(__xludf.DUMMYFUNCTION("LET( monthStart,DATE(VALUE(REGEXEXTRACT(P$1,""\d{4}"")),VALUE(REGEXEXTRACT(P$1,""T(\d+)"")),1), monthEnd,EOMONTH(monthStart,0), actualStart,MAX($D11,monthStart), actualEnd,MIN($E11,monthEnd), workingDaysInMonth,NETWORKDAYS(monthStart,monthEnd), "&" workingDaysOverlap,IF(actualStart>actualEnd,0,NETWORKDAYS(actualStart,actualEnd)), IF(workingDaysOverlap=0,"""",$F11*workingDaysOverlap/workingDaysInMonth) )"),0.0) -> 0 | Q11: =IFERROR(__xludf.DUMMYFUNCTION("LET( monthStart,DATE(VALUE(REGEXEXTRACT(Q$1,""\d{4}"")),VALUE(REGEXEXTRACT(Q$1,""T(\d+)"")),1), monthEnd,EOMONTH(monthStart,0), actualStart,MAX($D11,monthStart), actualEnd,MIN($E11,monthEnd), workingDaysInMonth,NETWORKDAYS(monthStart,monthEnd), "&" workingDaysOverlap,IF(actualStart>actualEnd,0,NETWORKDAYS(actualStart,actualEnd)), IF(workingDaysOverlap=0,"""",$F11*workingDaysOverlap/workingDaysInMonth) )"),0.0) -> 0 | R11: =IFERROR(__xludf.DUMMYFUNCTION("LET( monthStart,DATE(VALUE(REGEXEXTRACT(R$1,""\d{4}"")),VALUE(REGEXEXTRACT(R$1,""T(\d+)"")),1), monthEnd,EOMONTH(monthStart,0), actualStart,MAX($D11,monthStart), actualEnd,MIN($E11,monthEnd), workingDaysInMonth,NETWORKDAYS(monthStart,monthEnd), "&" workingDaysOverlap,IF(actualStart>actualEnd,0,NETWORKDAYS(actualStart,actualEnd)), IF(workingDaysOverlap=0,"""",$F11*workingDaysOverlap/workingDaysInMonth) )"),0.0) -> 0 | S11: =IFERROR(__xludf.DUMMYFUNCTION("LET( monthStart,DATE(VALUE(REGEXEXTRACT(S$1,""\d{4}"")),VALUE(REGEXEXTRACT(S$1,""T(\d+)"")),1), monthEnd,EOMONTH(monthStart,0), actualStart,MAX($D11,monthStart), actualEnd,MIN($E11,monthEnd), workingDaysInMonth,NETWORKDAYS(monthStart,monthEnd), "&" workingDaysOverlap,IF(actualStart>actualEnd,0,NETWORKDAYS(actualStart,actualEnd)), IF(workingDaysOverlap=0,"""",$F11*workingDaysOverlap/workingDaysInMonth) )"),0.0) -> 0 | T11: =IFERROR(__xludf.DUMMYFUNCTION("LET( monthStart,DATE(VALUE(REGEXEXTRACT(T$1,""\d{4}"")),VALUE(REGEXEXTRACT(T$1,""T(\d+)"")),1), monthEnd,EOMONTH(monthStart,0), actualStart,MAX($D11,monthStart), actualEnd,MIN($E11,monthEnd), workingDaysInMonth,NETWORKDAYS(monthStart,monthEnd), "&" workingDaysOverlap,IF(actualStart>actualEnd,0,NETWORKDAYS(actualStart,actualEnd)), IF(workingDaysOverlap=0,"""",$F11*workingDaysOverlap/workingDaysInMonth) )"),0.0) -> 0 | U11: =IFERROR(__xludf.DUMMYFUNCTION("LET( monthStart,DATE(VALUE(REGEXEXTRACT(U$1,""\d{4}"")),VALUE(REGEXEXTRACT(U$1,""T(\d+)"")),1), monthEnd,EOMONTH(monthStart,0), actualStart,MAX($D11,monthStart), actualEnd,MIN($E11,monthEnd), workingDaysInMonth,NETWORKDAYS(monthStart,monthEnd), "&" workingDaysOverlap,IF(actualStart>actualEnd,0,NETWORKDAYS(actualStart,actualEnd)), IF(workingDaysOverlap=0,"""",$F11*workingDaysOverlap/workingDaysInMonth) )"),0.0) -> 0 | V11: =IFERROR(__xludf.DUMMYFUNCTION("LET( monthStart,DATE(VALUE(REGEXEXTRACT(V$1,""\d{4}"")),VALUE(REGEXEXTRACT(V$1,""T(\d+)"")),1), monthEnd,EOMONTH(monthStart,0), actualStart,MAX($D11,monthStart), actualEnd,MIN($E11,monthEnd), workingDaysInMonth,NETWORKDAYS(monthStart,monthEnd), "&" workingDaysOverlap,IF(actualStart>actualEnd,0,NETWORKDAYS(actualStart,actualEnd)), IF(workingDaysOverlap=0,"""",$F11*workingDaysOverlap/workingDaysInMonth) )"),0.0) -> 0 | W11: =IFERROR(__xludf.DUMMYFUNCTION("LET( monthStart,DATE(VALUE(REGEXEXTRACT(W$1,""\d{4}"")),VALUE(REGEXEXTRACT(W$1,""T(\d+)"")),1), monthEnd,EOMONTH(monthStart,0), actualStart,MAX($D11,monthStart), actualEnd,MIN($E11,monthEnd), workingDaysInMonth,NETWORKDAYS(monthStart,monthEnd), "&" workingDaysOverlap,IF(actualStart>actualEnd,0,NETWORKDAYS(actualStart,actualEnd)), IF(workingDaysOverlap=0,"""",$F11*workingDaysOverlap/workingDaysInMonth) )"),0.0) -> 0 | X11: =IFERROR(__xludf.DUMMYFUNCTION("LET( monthStart,DATE(VALUE(REGEXEXTRACT(X$1,""\d{4}"")),VALUE(REGEXEXTRACT(X$1,""T(\d+)"")),1), monthEnd,EOMONTH(monthStart,0), actualStart,MAX($D11,monthStart), actualEnd,MIN($E11,monthEnd), workingDaysInMonth,NETWORKDAYS(monthStart,monthEnd), "&" workingDaysOverlap,IF(actualStart>actualEnd,0,NETWORKDAYS(actualStart,actualEnd)), IF(workingDaysOverlap=0,"""",$F11*workingDaysOverlap/workingDaysInMonth) )"),0.0) -> 0 | Y11: =IFERROR(__xludf.DUMMYFUNCTION("LET( monthStart,DATE(VALUE(REGEXEXTRACT(Y$1,""\d{4}"")),VALUE(REGEXEXTRACT(Y$1,""T(\d+)"")),1), monthEnd,EOMONTH(monthStart,0), actualStart,MAX($D11,monthStart), actualEnd,MIN($E11,monthEnd), workingDaysInMonth,NETWORKDAYS(monthStart,monthEnd), "&" workingDaysOverlap,IF(actualStart>actualEnd,0,NETWORKDAYS(actualStart,actualEnd)), IF(workingDaysOverlap=0,"""",$F11*workingDaysOverlap/workingDaysInMonth) )"),0.0) -> 0
G12: =IFERROR(__xludf.DUMMYFUNCTION("LET( monthStart,DATE(VALUE(REGEXEXTRACT(G$1,""\d{4}"")),VALUE(REGEXEXTRACT(G$1,""T(\d+)"")),1), monthEnd,EOMONTH(monthStart,0), actualStart,MAX($D12,monthStart), actualEnd,MIN($E12,monthEnd), workingDaysInMonth,NETWORKDAYS(monthStart,monthEnd), "&" workingDaysOverlap,IF(actualStart>actualEnd,0,NETWORKDAYS(actualStart,actualEnd)), IF(workingDaysOverlap=0,"""",$F12*workingDaysOverlap/workingDaysInMonth) )"),0.0) -> 0 | H12: =IFERROR(__xludf.DUMMYFUNCTION("LET( monthStart,DATE(VALUE(REGEXEXTRACT(H$1,""\d{4}"")),VALUE(REGEXEXTRACT(H$1,""T(\d+)"")),1), monthEnd,EOMONTH(monthStart,0), actualStart,MAX($D12,monthStart), actualEnd,MIN($E12,monthEnd), workingDaysInMonth,NETWORKDAYS(monthStart,monthEnd), "&" workingDaysOverlap,IF(actualStart>actualEnd,0,NETWORKDAYS(actualStart,actualEnd)), IF(workingDaysOverlap=0,"""",$F12*workingDaysOverlap/workingDaysInMonth) )"),0.0) -> 0 | I12: =IFERROR(__xludf.DUMMYFUNCTION("LET( monthStart,DATE(VALUE(REGEXEXTRACT(I$1,""\d{4}"")),VALUE(REGEXEXTRACT(I$1,""T(\d+)"")),1), monthEnd,EOMONTH(monthStart,0), actualStart,MAX($D12,monthStart), actualEnd,MIN($E12,monthEnd), workingDaysInMonth,NETWORKDAYS(monthStart,monthEnd), "&" workingDaysOverlap,IF(actualStart>actualEnd,0,NETWORKDAYS(actualStart,actualEnd)), IF(workingDaysOverlap=0,"""",$F12*workingDaysOverlap/workingDaysInMonth) )"),0.0) -> 0 | J12: =IFERROR(__xludf.DUMMYFUNCTION("LET( monthStart,DATE(VALUE(REGEXEXTRACT(J$1,""\d{4}"")),VALUE(REGEXEXTRACT(J$1,""T(\d+)"")),1), monthEnd,EOMONTH(monthStart,0), actualStart,MAX($D12,monthStart), actualEnd,MIN($E12,monthEnd), workingDaysInMonth,NETWORKDAYS(monthStart,monthEnd), "&" workingDaysOverlap,IF(actualStart>actualEnd,0,NETWORKDAYS(actualStart,actualEnd)), IF(workingDaysOverlap=0,"""",$F12*workingDaysOverlap/workingDaysInMonth) )"),0.0) -> 0 | K12: =IFERROR(__xludf.DUMMYFUNCTION("LET( monthStart,DATE(VALUE(REGEXEXTRACT(K$1,""\d{4}"")),VALUE(REGEXEXTRACT(K$1,""T(\d+)"")),1), monthEnd,EOMONTH(monthStart,0), actualStart,MAX($D12,monthStart), actualEnd,MIN($E12,monthEnd), workingDaysInMonth,NETWORKDAYS(monthStart,monthEnd), "&" workingDaysOverlap,IF(actualStart>actualEnd,0,NETWORKDAYS(actualStart,actualEnd)), IF(workingDaysOverlap=0,"""",$F12*workingDaysOverlap/workingDaysInMonth) )"),0.0) -> 0 | L12: =IFERROR(__xludf.DUMMYFUNCTION("LET( monthStart,DATE(VALUE(REGEXEXTRACT(L$1,""\d{4}"")),VALUE(REGEXEXTRACT(L$1,""T(\d+)"")),1), monthEnd,EOMONTH(monthStart,0), actualStart,MAX($D12,monthStart), actualEnd,MIN($E12,monthEnd), workingDaysInMonth,NETWORKDAYS(monthStart,monthEnd), "&" workingDaysOverlap,IF(actualStart>actualEnd,0,NETWORKDAYS(actualStart,actualEnd)), IF(workingDaysOverlap=0,"""",$F12*workingDaysOverlap/workingDaysInMonth) )"),0.0) -> 0 | M12: =IFERROR(__xludf.DUMMYFUNCTION("LET( monthStart,DATE(VALUE(REGEXEXTRACT(M$1,""\d{4}"")),VALUE(REGEXEXTRACT(M$1,""T(\d+)"")),1), monthEnd,EOMONTH(monthStart,0), actualStart,MAX($D12,monthStart), actualEnd,MIN($E12,monthEnd), workingDaysInMonth,NETWORKDAYS(monthStart,monthEnd), "&" workingDaysOverlap,IF(actualStart>actualEnd,0,NETWORKDAYS(actualStart,actualEnd)), IF(workingDaysOverlap=0,"""",$F12*workingDaysOverlap/workingDaysInMonth) )"),0.0) -> 0 | N12: =IFERROR(__xludf.DUMMYFUNCTION("LET( monthStart,DATE(VALUE(REGEXEXTRACT(N$1,""\d{4}"")),VALUE(REGEXEXTRACT(N$1,""T(\d+)"")),1), monthEnd,EOMONTH(monthStart,0), actualStart,MAX($D12,monthStart), actualEnd,MIN($E12,monthEnd), workingDaysInMonth,NETWORKDAYS(monthStart,monthEnd), "&" workingDaysOverlap,IF(actualStart>actualEnd,0,NETWORKDAYS(actualStart,actualEnd)), IF(workingDaysOverlap=0,"""",$F12*workingDaysOverlap/workingDaysInMonth) )"),0.0) -> 0 | O12: =IFERROR(__xludf.DUMMYFUNCTION("LET( monthStart,DATE(VALUE(REGEXEXTRACT(O$1,""\d{4}"")),VALUE(REGEXEXTRACT(O$1,""T(\d+)"")),1), monthEnd,EOMONTH(monthStart,0), actualStart,MAX($D12,monthStart), actualEnd,MIN($E12,monthEnd), workingDaysInMonth,NETWORKDAYS(monthStart,monthEnd), "&" workingDaysOverlap,IF(actualStart>actualEnd,0,NETWORKDAYS(actualStart,actualEnd)), IF(workingDaysOverlap=0,"""",$F12*workingDaysOverlap/workingDaysInMonth) )"),0.0) -> 0 | P12: =IFERROR(__xludf.DUMMYFUNCTION("LET( monthStart,DATE(VALUE(REGEXEXTRACT(P$1,""\d{4}"")),VALUE(REGEXEXTRACT(P$1,""T(\d+)"")),1), monthEnd,EOMONTH(monthStart,0), actualStart,MAX($D12,monthStart), actualEnd,MIN($E12,monthEnd), workingDaysInMonth,NETWORKDAYS(monthStart,monthEnd), "&" workingDaysOverlap,IF(actualStart>actualEnd,0,NETWORKDAYS(actualStart,actualEnd)), IF(workingDaysOverlap=0,"""",$F12*workingDaysOverlap/workingDaysInMonth) )"),0.0) -> 0 | Q12: =IFERROR(__xludf.DUMMYFUNCTION("LET( monthStart,DATE(VALUE(REGEXEXTRACT(Q$1,""\d{4}"")),VALUE(REGEXEXTRACT(Q$1,""T(\d+)"")),1), monthEnd,EOMONTH(monthStart,0), actualStart,MAX($D12,monthStart), actualEnd,MIN($E12,monthEnd), workingDaysInMonth,NETWORKDAYS(monthStart,monthEnd), "&" workingDaysOverlap,IF(actualStart>actualEnd,0,NETWORKDAYS(actualStart,actualEnd)), IF(workingDaysOverlap=0,"""",$F12*workingDaysOverlap/workingDaysInMonth) )"),0.0) -> 0 | R12: =IFERROR(__xludf.DUMMYFUNCTION("LET( monthStart,DATE(VALUE(REGEXEXTRACT(R$1,""\d{4}"")),VALUE(REGEXEXTRACT(R$1,""T(\d+)"")),1), monthEnd,EOMONTH(monthStart,0), actualStart,MAX($D12,monthStart), actualEnd,MIN($E12,monthEnd), workingDaysInMonth,NETWORKDAYS(monthStart,monthEnd), "&" workingDaysOverlap,IF(actualStart>actualEnd,0,NETWORKDAYS(actualStart,actualEnd)), IF(workingDaysOverlap=0,"""",$F12*workingDaysOverlap/workingDaysInMonth) )"),0.0) -> 0 | S12: =IFERROR(__xludf.DUMMYFUNCTION("LET( monthStart,DATE(VALUE(REGEXEXTRACT(S$1,""\d{4}"")),VALUE(REGEXEXTRACT(S$1,""T(\d+)"")),1), monthEnd,EOMONTH(monthStart,0), actualStart,MAX($D12,monthStart), actualEnd,MIN($E12,monthEnd), workingDaysInMonth,NETWORKDAYS(monthStart,monthEnd), "&" workingDaysOverlap,IF(actualStart>actualEnd,0,NETWORKDAYS(actualStart,actualEnd)), IF(workingDaysOverlap=0,"""",$F12*workingDaysOverlap/workingDaysInMonth) )"),0.0) -> 0 | T12: =IFERROR(__xludf.DUMMYFUNCTION("LET( monthStart,DATE(VALUE(REGEXEXTRACT(T$1,""\d{4}"")),VALUE(REGEXEXTRACT(T$1,""T(\d+)"")),1), monthEnd,EOMONTH(monthStart,0), actualStart,MAX($D12,monthStart), actualEnd,MIN($E12,monthEnd), workingDaysInMonth,NETWORKDAYS(monthStart,monthEnd), "&" workingDaysOverlap,IF(actualStart>actualEnd,0,NETWORKDAYS(actualStart,actualEnd)), IF(workingDaysOverlap=0,"""",$F12*workingDaysOverlap/workingDaysInMonth) )"),0.0) -> 0 | U12: =IFERROR(__xludf.DUMMYFUNCTION("LET( monthStart,DATE(VALUE(REGEXEXTRACT(U$1,""\d{4}"")),VALUE(REGEXEXTRACT(U$1,""T(\d+)"")),1), monthEnd,EOMONTH(monthStart,0), actualStart,MAX($D12,monthStart), actualEnd,MIN($E12,monthEnd), workingDaysInMonth,NETWORKDAYS(monthStart,monthEnd), "&" workingDaysOverlap,IF(actualStart>actualEnd,0,NETWORKDAYS(actualStart,actualEnd)), IF(workingDaysOverlap=0,"""",$F12*workingDaysOverlap/workingDaysInMonth) )"),0.0) -> 0 | V12: =IFERROR(__xludf.DUMMYFUNCTION("LET( monthStart,DATE(VALUE(REGEXEXTRACT(V$1,""\d{4}"")),VALUE(REGEXEXTRACT(V$1,""T(\d+)"")),1), monthEnd,EOMONTH(monthStart,0), actualStart,MAX($D12,monthStart), actualEnd,MIN($E12,monthEnd), workingDaysInMonth,NETWORKDAYS(monthStart,monthEnd), "&" workingDaysOverlap,IF(actualStart>actualEnd,0,NETWORKDAYS(actualStart,actualEnd)), IF(workingDaysOverlap=0,"""",$F12*workingDaysOverlap/workingDaysInMonth) )"),0.0) -> 0 | W12: =IFERROR(__xludf.DUMMYFUNCTION("LET( monthStart,DATE(VALUE(REGEXEXTRACT(W$1,""\d{4}"")),VALUE(REGEXEXTRACT(W$1,""T(\d+)"")),1), monthEnd,EOMONTH(monthStart,0), actualStart,MAX($D12,monthStart), actualEnd,MIN($E12,monthEnd), workingDaysInMonth,NETWORKDAYS(monthStart,monthEnd), "&" workingDaysOverlap,IF(actualStart>actualEnd,0,NETWORKDAYS(actualStart,actualEnd)), IF(workingDaysOverlap=0,"""",$F12*workingDaysOverlap/workingDaysInMonth) )"),0.0) -> 0 | X12: =IFERROR(__xludf.DUMMYFUNCTION("LET( monthStart,DATE(VALUE(REGEXEXTRACT(X$1,""\d{4}"")),VALUE(REGEXEXTRACT(X$1,""T(\d+)"")),1), monthEnd,EOMONTH(monthStart,0), actualStart,MAX($D12,monthStart), actualEnd,MIN($E12,monthEnd), workingDaysInMonth,NETWORKDAYS(monthStart,monthEnd), "&" workingDaysOverlap,IF(actualStart>actualEnd,0,NETWORKDAYS(actualStart,actualEnd)), IF(workingDaysOverlap=0,"""",$F12*workingDaysOverlap/workingDaysInMonth) )"),0.0) -> 0 | Y12: =IFERROR(__xludf.DUMMYFUNCTION("LET( monthStart,DATE(VALUE(REGEXEXTRACT(Y$1,""\d{4}"")),VALUE(REGEXEXTRACT(Y$1,""T(\d+)"")),1), monthEnd,EOMONTH(monthStart,0), actualStart,MAX($D12,monthStart), actualEnd,MIN($E12,monthEnd), workingDaysInMonth,NETWORKDAYS(monthStart,monthEnd), "&" workingDaysOverlap,IF(actualStart>actualEnd,0,NETWORKDAYS(actualStart,actualEnd)), IF(workingDaysOverlap=0,"""",$F12*workingDaysOverlap/workingDaysInMonth) )"),0.0) -> 0
G13: =IFERROR(__xludf.DUMMYFUNCTION("LET( monthStart,DATE(VALUE(REGEXEXTRACT(G$1,""\d{4}"")),VALUE(REGEXEXTRACT(G$1,""T(\d+)"")),1), monthEnd,EOMONTH(monthStart,0), actualStart,MAX($D13,monthStart), actualEnd,MIN($E13,monthEnd), workingDaysInMonth,NETWORKDAYS(monthStart,monthEnd), "&" workingDaysOverlap,IF(actualStart>actualEnd,0,NETWORKDAYS(actualStart,actualEnd)), IF(workingDaysOverlap=0,"""",$F13*workingDaysOverlap/workingDaysInMonth) )"),0.0) -> 0 | H13: =IFERROR(__xludf.DUMMYFUNCTION("LET( monthStart,DATE(VALUE(REGEXEXTRACT(H$1,""\d{4}"")),VALUE(REGEXEXTRACT(H$1,""T(\d+)"")),1), monthEnd,EOMONTH(monthStart,0), actualStart,MAX($D13,monthStart), actualEnd,MIN($E13,monthEnd), workingDaysInMonth,NETWORKDAYS(monthStart,monthEnd), "&" workingDaysOverlap,IF(actualStart>actualEnd,0,NETWORKDAYS(actualStart,actualEnd)), IF(workingDaysOverlap=0,"""",$F13*workingDaysOverlap/workingDaysInMonth) )"),0.0) -> 0 | I13: =IFERROR(__xludf.DUMMYFUNCTION("LET( monthStart,DATE(VALUE(REGEXEXTRACT(I$1,""\d{4}"")),VALUE(REGEXEXTRACT(I$1,""T(\d+)"")),1), monthEnd,EOMONTH(monthStart,0), actualStart,MAX($D13,monthStart), actualEnd,MIN($E13,monthEnd), workingDaysInMonth,NETWORKDAYS(monthStart,monthEnd), "&" workingDaysOverlap,IF(actualStart>actualEnd,0,NETWORKDAYS(actualStart,actualEnd)), IF(workingDaysOverlap=0,"""",$F13*workingDaysOverlap/workingDaysInMonth) )"),0.0) -> 0 | J13: =IFERROR(__xludf.DUMMYFUNCTION("LET( monthStart,DATE(VALUE(REGEXEXTRACT(J$1,""\d{4}"")),VALUE(REGEXEXTRACT(J$1,""T(\d+)"")),1), monthEnd,EOMONTH(monthStart,0), actualStart,MAX($D13,monthStart), actualEnd,MIN($E13,monthEnd), workingDaysInMonth,NETWORKDAYS(monthStart,monthEnd), "&" workingDaysOverlap,IF(actualStart>actualEnd,0,NETWORKDAYS(actualStart,actualEnd)), IF(workingDaysOverlap=0,"""",$F13*workingDaysOverlap/workingDaysInMonth) )"),0.0) -> 0 | K13: =IFERROR(__xludf.DUMMYFUNCTION("LET( monthStart,DATE(VALUE(REGEXEXTRACT(K$1,""\d{4}"")),VALUE(REGEXEXTRACT(K$1,""T(\d+)"")),1), monthEnd,EOMONTH(monthStart,0), actualStart,MAX($D13,monthStart), actualEnd,MIN($E13,monthEnd), workingDaysInMonth,NETWORKDAYS(monthStart,monthEnd), "&" workingDaysOverlap,IF(actualStart>actualEnd,0,NETWORKDAYS(actualStart,actualEnd)), IF(workingDaysOverlap=0,"""",$F13*workingDaysOverlap/workingDaysInMonth) )"),0.0) -> 0 | L13: =IFERROR(__xludf.DUMMYFUNCTION("LET( monthStart,DATE(VALUE(REGEXEXTRACT(L$1,""\d{4}"")),VALUE(REGEXEXTRACT(L$1,""T(\d+)"")),1), monthEnd,EOMONTH(monthStart,0), actualStart,MAX($D13,monthStart), actualEnd,MIN($E13,monthEnd), workingDaysInMonth,NETWORKDAYS(monthStart,monthEnd), "&" workingDaysOverlap,IF(actualStart>actualEnd,0,NETWORKDAYS(actualStart,actualEnd)), IF(workingDaysOverlap=0,"""",$F13*workingDaysOverlap/workingDaysInMonth) )"),0.0) -> 0 | M13: =IFERROR(__xludf.DUMMYFUNCTION("LET( monthStart,DATE(VALUE(REGEXEXTRACT(M$1,""\d{4}"")),VALUE(REGEXEXTRACT(M$1,""T(\d+)"")),1), monthEnd,EOMONTH(monthStart,0), actualStart,MAX($D13,monthStart), actualEnd,MIN($E13,monthEnd), workingDaysInMonth,NETWORKDAYS(monthStart,monthEnd), "&" workingDaysOverlap,IF(actualStart>actualEnd,0,NETWORKDAYS(actualStart,actualEnd)), IF(workingDaysOverlap=0,"""",$F13*workingDaysOverlap/workingDaysInMonth) )"),0.0) -> 0 | N13: =IFERROR(__xludf.DUMMYFUNCTION("LET( monthStart,DATE(VALUE(REGEXEXTRACT(N$1,""\d{4}"")),VALUE(REGEXEXTRACT(N$1,""T(\d+)"")),1), monthEnd,EOMONTH(monthStart,0), actualStart,MAX($D13,monthStart), actualEnd,MIN($E13,monthEnd), workingDaysInMonth,NETWORKDAYS(monthStart,monthEnd), "&" workingDaysOverlap,IF(actualStart>actualEnd,0,NETWORKDAYS(actualStart,actualEnd)), IF(workingDaysOverlap=0,"""",$F13*workingDaysOverlap/workingDaysInMonth) )"),0.0) -> 0 | O13: =IFERROR(__xludf.DUMMYFUNCTION("LET( monthStart,DATE(VALUE(REGEXEXTRACT(O$1,""\d{4}"")),VALUE(REGEXEXTRACT(O$1,""T(\d+)"")),1), monthEnd,EOMONTH(monthStart,0), actualStart,MAX($D13,monthStart), actualEnd,MIN($E13,monthEnd), workingDaysInMonth,NETWORKDAYS(monthStart,monthEnd), "&" workingDaysOverlap,IF(actualStart>actualEnd,0,NETWORKDAYS(actualStart,actualEnd)), IF(workingDaysOverlap=0,"""",$F13*workingDaysOverlap/workingDaysInMonth) )"),0.0) -> 0 | P13: =IFERROR(__xludf.DUMMYFUNCTION("LET( monthStart,DATE(VALUE(REGEXEXTRACT(P$1,""\d{4}"")),VALUE(REGEXEXTRACT(P$1,""T(\d+)"")),1), monthEnd,EOMONTH(monthStart,0), actualStart,MAX($D13,monthStart), actualEnd,MIN($E13,monthEnd), workingDaysInMonth,NETWORKDAYS(monthStart,monthEnd), "&" workingDaysOverlap,IF(actualStart>actualEnd,0,NETWORKDAYS(actualStart,actualEnd)), IF(workingDaysOverlap=0,"""",$F13*workingDaysOverlap/workingDaysInMonth) )"),0.0) -> 0 | Q13: =IFERROR(__xludf.DUMMYFUNCTION("LET( monthStart,DATE(VALUE(REGEXEXTRACT(Q$1,""\d{4}"")),VALUE(REGEXEXTRACT(Q$1,""T(\d+)"")),1), monthEnd,EOMONTH(monthStart,0), actualStart,MAX($D13,monthStart), actualEnd,MIN($E13,monthEnd), workingDaysInMonth,NETWORKDAYS(monthStart,monthEnd), "&" workingDaysOverlap,IF(actualStart>actualEnd,0,NETWORKDAYS(actualStart,actualEnd)), IF(workingDaysOverlap=0,"""",$F13*workingDaysOverlap/workingDaysInMonth) )"),0.0) -> 0 | R13: =IFERROR(__xludf.DUMMYFUNCTION("LET( monthStart,DATE(VALUE(REGEXEXTRACT(R$1,""\d{4}"")),VALUE(REGEXEXTRACT(R$1,""T(\d+)"")),1), monthEnd,EOMONTH(monthStart,0), actualStart,MAX($D13,monthStart), actualEnd,MIN($E13,monthEnd), workingDaysInMonth,NETWORKDAYS(monthStart,monthEnd), "&" workingDaysOverlap,IF(actualStart>actualEnd,0,NETWORKDAYS(actualStart,actualEnd)), IF(workingDaysOverlap=0,"""",$F13*workingDaysOverlap/workingDaysInMonth) )"),0.0) -> 0 | S13: =IFERROR(__xludf.DUMMYFUNCTION("LET( monthStart,DATE(VALUE(REGEXEXTRACT(S$1,""\d{4}"")),VALUE(REGEXEXTRACT(S$1,""T(\d+)"")),1), monthEnd,EOMONTH(monthStart,0), actualStart,MAX($D13,monthStart), actualEnd,MIN($E13,monthEnd), workingDaysInMonth,NETWORKDAYS(monthStart,monthEnd), "&" workingDaysOverlap,IF(actualStart>actualEnd,0,NETWORKDAYS(actualStart,actualEnd)), IF(workingDaysOverlap=0,"""",$F13*workingDaysOverlap/workingDaysInMonth) )"),0.0) -> 0 | T13: =IFERROR(__xludf.DUMMYFUNCTION("LET( monthStart,DATE(VALUE(REGEXEXTRACT(T$1,""\d{4}"")),VALUE(REGEXEXTRACT(T$1,""T(\d+)"")),1), monthEnd,EOMONTH(monthStart,0), actualStart,MAX($D13,monthStart), actualEnd,MIN($E13,monthEnd), workingDaysInMonth,NETWORKDAYS(monthStart,monthEnd), "&" workingDaysOverlap,IF(actualStart>actualEnd,0,NETWORKDAYS(actualStart,actualEnd)), IF(workingDaysOverlap=0,"""",$F13*workingDaysOverlap/workingDaysInMonth) )"),0.0) -> 0 | U13: =IFERROR(__xludf.DUMMYFUNCTION("LET( monthStart,DATE(VALUE(REGEXEXTRACT(U$1,""\d{4}"")),VALUE(REGEXEXTRACT(U$1,""T(\d+)"")),1), monthEnd,EOMONTH(monthStart,0), actualStart,MAX($D13,monthStart), actualEnd,MIN($E13,monthEnd), workingDaysInMonth,NETWORKDAYS(monthStart,monthEnd), "&" workingDaysOverlap,IF(actualStart>actualEnd,0,NETWORKDAYS(actualStart,actualEnd)), IF(workingDaysOverlap=0,"""",$F13*workingDaysOverlap/workingDaysInMonth) )"),0.0) -> 0 | V13: =IFERROR(__xludf.DUMMYFUNCTION("LET( monthStart,DATE(VALUE(REGEXEXTRACT(V$1,""\d{4}"")),VALUE(REGEXEXTRACT(V$1,""T(\d+)"")),1), monthEnd,EOMONTH(monthStart,0), actualStart,MAX($D13,monthStart), actualEnd,MIN($E13,monthEnd), workingDaysInMonth,NETWORKDAYS(monthStart,monthEnd), "&" workingDaysOverlap,IF(actualStart>actualEnd,0,NETWORKDAYS(actualStart,actualEnd)), IF(workingDaysOverlap=0,"""",$F13*workingDaysOverlap/workingDaysInMonth) )"),0.0) -> 0 | W13: =IFERROR(__xludf.DUMMYFUNCTION("LET( monthStart,DATE(VALUE(REGEXEXTRACT(W$1,""\d{4}"")),VALUE(REGEXEXTRACT(W$1,""T(\d+)"")),1), monthEnd,EOMONTH(monthStart,0), actualStart,MAX($D13,monthStart), actualEnd,MIN($E13,monthEnd), workingDaysInMonth,NETWORKDAYS(monthStart,monthEnd), "&" workingDaysOverlap,IF(actualStart>actualEnd,0,NETWORKDAYS(actualStart,actualEnd)), IF(workingDaysOverlap=0,"""",$F13*workingDaysOverlap/workingDaysInMonth) )"),0.0) -> 0 | X13: =IFERROR(__xludf.DUMMYFUNCTION("LET( monthStart,DATE(VALUE(REGEXEXTRACT(X$1,""\d{4}"")),VALUE(REGEXEXTRACT(X$1,""T(\d+)"")),1), monthEnd,EOMONTH(monthStart,0), actualStart,MAX($D13,monthStart), actualEnd,MIN($E13,monthEnd), workingDaysInMonth,NETWORKDAYS(monthStart,monthEnd), "&" workingDaysOverlap,IF(actualStart>actualEnd,0,NETWORKDAYS(actualStart,actualEnd)), IF(workingDaysOverlap=0,"""",$F13*workingDaysOverlap/workingDaysInMonth) )"),0.0) -> 0 | Y13: =IFERROR(__xludf.DUMMYFUNCTION("LET( monthStart,DATE(VALUE(REGEXEXTRACT(Y$1,""\d{4}"")),VALUE(REGEXEXTRACT(Y$1,""T(\d+)"")),1), monthEnd,EOMONTH(monthStart,0), actualStart,MAX($D13,monthStart), actualEnd,MIN($E13,monthEnd), workingDaysInMonth,NETWORKDAYS(monthStart,monthEnd), "&" workingDaysOverlap,IF(actualStart>actualEnd,0,NETWORKDAYS(actualStart,actualEnd)), IF(workingDaysOverlap=0,"""",$F13*workingDaysOverlap/workingDaysInMonth) )"),0.0) -> 0
G14: =IFERROR(__xludf.DUMMYFUNCTION("LET( monthStart,DATE(VALUE(REGEXEXTRACT(G$1,""\d{4}"")),VALUE(REGEXEXTRACT(G$1,""T(\d+)"")),1), monthEnd,EOMONTH(monthStart,0), actualStart,MAX($D14,monthStart), actualEnd,MIN($E14,monthEnd), workingDaysInMonth,NETWORKDAYS(monthStart,monthEnd), "&" workingDaysOverlap,IF(actualStart>actualEnd,0,NETWORKDAYS(actualStart,actualEnd)), IF(workingDaysOverlap=0,"""",$F14*workingDaysOverlap/workingDaysInMonth) )"),0.0) -> 0 | H14: =IFERROR(__xludf.DUMMYFUNCTION("LET( monthStart,DATE(VALUE(REGEXEXTRACT(H$1,""\d{4}"")),VALUE(REGEXEXTRACT(H$1,""T(\d+)"")),1), monthEnd,EOMONTH(monthStart,0), actualStart,MAX($D14,monthStart), actualEnd,MIN($E14,monthEnd), workingDaysInMonth,NETWORKDAYS(monthStart,monthEnd), "&" workingDaysOverlap,IF(actualStart>actualEnd,0,NETWORKDAYS(actualStart,actualEnd)), IF(workingDaysOverlap=0,"""",$F14*workingDaysOverlap/workingDaysInMonth) )"),0.0) -> 0 | I14: =IFERROR(__xludf.DUMMYFUNCTION("LET( monthStart,DATE(VALUE(REGEXEXTRACT(I$1,""\d{4}"")),VALUE(REGEXEXTRACT(I$1,""T(\d+)"")),1), monthEnd,EOMONTH(monthStart,0), actualStart,MAX($D14,monthStart), actualEnd,MIN($E14,monthEnd), workingDaysInMonth,NETWORKDAYS(monthStart,monthEnd), "&" workingDaysOverlap,IF(actualStart>actualEnd,0,NETWORKDAYS(actualStart,actualEnd)), IF(workingDaysOverlap=0,"""",$F14*workingDaysOverlap/workingDaysInMonth) )"),0.0) -> 0 | J14: =IFERROR(__xludf.DUMMYFUNCTION("LET( monthStart,DATE(VALUE(REGEXEXTRACT(J$1,""\d{4}"")),VALUE(REGEXEXTRACT(J$1,""T(\d+)"")),1), monthEnd,EOMONTH(monthStart,0), actualStart,MAX($D14,monthStart), actualEnd,MIN($E14,monthEnd), workingDaysInMonth,NETWORKDAYS(monthStart,monthEnd), "&" workingDaysOverlap,IF(actualStart>actualEnd,0,NETWORKDAYS(actualStart,actualEnd)), IF(workingDaysOverlap=0,"""",$F14*workingDaysOverlap/workingDaysInMonth) )"),0.0) -> 0 | K14: =IFERROR(__xludf.DUMMYFUNCTION("LET( monthStart,DATE(VALUE(REGEXEXTRACT(K$1,""\d{4}"")),VALUE(REGEXEXTRACT(K$1,""T(\d+)"")),1), monthEnd,EOMONTH(monthStart,0), actualStart,MAX($D14,monthStart), actualEnd,MIN($E14,monthEnd), workingDaysInMonth,NETWORKDAYS(monthStart,monthEnd), "&" workingDaysOverlap,IF(actualStart>actualEnd,0,NETWORKDAYS(actualStart,actualEnd)), IF(workingDaysOverlap=0,"""",$F14*workingDaysOverlap/workingDaysInMonth) )"),0.0) -> 0 | L14: =IFERROR(__xludf.DUMMYFUNCTION("LET( monthStart,DATE(VALUE(REGEXEXTRACT(L$1,""\d{4}"")),VALUE(REGEXEXTRACT(L$1,""T(\d+)"")),1), monthEnd,EOMONTH(monthStart,0), actualStart,MAX($D14,monthStart), actualEnd,MIN($E14,monthEnd), workingDaysInMonth,NETWORKDAYS(monthStart,monthEnd), "&" workingDaysOverlap,IF(actualStart>actualEnd,0,NETWORKDAYS(actualStart,actualEnd)), IF(workingDaysOverlap=0,"""",$F14*workingDaysOverlap/workingDaysInMonth) )"),0.0) -> 0 | M14: =IFERROR(__xludf.DUMMYFUNCTION("LET( monthStart,DATE(VALUE(REGEXEXTRACT(M$1,""\d{4}"")),VALUE(REGEXEXTRACT(M$1,""T(\d+)"")),1), monthEnd,EOMONTH(monthStart,0), actualStart,MAX($D14,monthStart), actualEnd,MIN($E14,monthEnd), workingDaysInMonth,NETWORKDAYS(monthStart,monthEnd), "&" workingDaysOverlap,IF(actualStart>actualEnd,0,NETWORKDAYS(actualStart,actualEnd)), IF(workingDaysOverlap=0,"""",$F14*workingDaysOverlap/workingDaysInMonth) )"),0.0) -> 0 | N14: =IFERROR(__xludf.DUMMYFUNCTION("LET( monthStart,DATE(VALUE(REGEXEXTRACT(N$1,""\d{4}"")),VALUE(REGEXEXTRACT(N$1,""T(\d+)"")),1), monthEnd,EOMONTH(monthStart,0), actualStart,MAX($D14,monthStart), actualEnd,MIN($E14,monthEnd), workingDaysInMonth,NETWORKDAYS(monthStart,monthEnd), "&" workingDaysOverlap,IF(actualStart>actualEnd,0,NETWORKDAYS(actualStart,actualEnd)), IF(workingDaysOverlap=0,"""",$F14*workingDaysOverlap/workingDaysInMonth) )"),0.0) -> 0 | O14: =IFERROR(__xludf.DUMMYFUNCTION("LET( monthStart,DATE(VALUE(REGEXEXTRACT(O$1,""\d{4}"")),VALUE(REGEXEXTRACT(O$1,""T(\d+)"")),1), monthEnd,EOMONTH(monthStart,0), actualStart,MAX($D14,monthStart), actualEnd,MIN($E14,monthEnd), workingDaysInMonth,NETWORKDAYS(monthStart,monthEnd), "&" workingDaysOverlap,IF(actualStart>actualEnd,0,NETWORKDAYS(actualStart,actualEnd)), IF(workingDaysOverlap=0,"""",$F14*workingDaysOverlap/workingDaysInMonth) )"),0.0) -> 0 | P14: =IFERROR(__xludf.DUMMYFUNCTION("LET( monthStart,DATE(VALUE(REGEXEXTRACT(P$1,""\d{4}"")),VALUE(REGEXEXTRACT(P$1,""T(\d+)"")),1), monthEnd,EOMONTH(monthStart,0), actualStart,MAX($D14,monthStart), actualEnd,MIN($E14,monthEnd), workingDaysInMonth,NETWORKDAYS(monthStart,monthEnd), "&" workingDaysOverlap,IF(actualStart>actualEnd,0,NETWORKDAYS(actualStart,actualEnd)), IF(workingDaysOverlap=0,"""",$F14*workingDaysOverlap/workingDaysInMonth) )"),0.0) -> 0 | Q14: =IFERROR(__xludf.DUMMYFUNCTION("LET( monthStart,DATE(VALUE(REGEXEXTRACT(Q$1,""\d{4}"")),VALUE(REGEXEXTRACT(Q$1,""T(\d+)"")),1), monthEnd,EOMONTH(monthStart,0), actualStart,MAX($D14,monthStart), actualEnd,MIN($E14,monthEnd), workingDaysInMonth,NETWORKDAYS(monthStart,monthEnd), "&" workingDaysOverlap,IF(actualStart>actualEnd,0,NETWORKDAYS(actualStart,actualEnd)), IF(workingDaysOverlap=0,"""",$F14*workingDaysOverlap/workingDaysInMonth) )"),0.0) -> 0 | R14: =IFERROR(__xludf.DUMMYFUNCTION("LET( monthStart,DATE(VALUE(REGEXEXTRACT(R$1,""\d{4}"")),VALUE(REGEXEXTRACT(R$1,""T(\d+)"")),1), monthEnd,EOMONTH(monthStart,0), actualStart,MAX($D14,monthStart), actualEnd,MIN($E14,monthEnd), workingDaysInMonth,NETWORKDAYS(monthStart,monthEnd), "&" workingDaysOverlap,IF(actualStart>actualEnd,0,NETWORKDAYS(actualStart,actualEnd)), IF(workingDaysOverlap=0,"""",$F14*workingDaysOverlap/workingDaysInMonth) )"),0.0) -> 0 | S14: =IFERROR(__xludf.DUMMYFUNCTION("LET( monthStart,DATE(VALUE(REGEXEXTRACT(S$1,""\d{4}"")),VALUE(REGEXEXTRACT(S$1,""T(\d+)"")),1), monthEnd,EOMONTH(monthStart,0), actualStart,MAX($D14,monthStart), actualEnd,MIN($E14,monthEnd), workingDaysInMonth,NETWORKDAYS(monthStart,monthEnd), "&" workingDaysOverlap,IF(actualStart>actualEnd,0,NETWORKDAYS(actualStart,actualEnd)), IF(workingDaysOverlap=0,"""",$F14*workingDaysOverlap/workingDaysInMonth) )"),0.0) -> 0 | T14: =IFERROR(__xludf.DUMMYFUNCTION("LET( monthStart,DATE(VALUE(REGEXEXTRACT(T$1,""\d{4}"")),VALUE(REGEXEXTRACT(T$1,""T(\d+)"")),1), monthEnd,EOMONTH(monthStart,0), actualStart,MAX($D14,monthStart), actualEnd,MIN($E14,monthEnd), workingDaysInMonth,NETWORKDAYS(monthStart,monthEnd), "&" workingDaysOverlap,IF(actualStart>actualEnd,0,NETWORKDAYS(actualStart,actualEnd)), IF(workingDaysOverlap=0,"""",$F14*workingDaysOverlap/workingDaysInMonth) )"),0.0) -> 0 | U14: =IFERROR(__xludf.DUMMYFUNCTION("LET( monthStart,DATE(VALUE(REGEXEXTRACT(U$1,""\d{4}"")),VALUE(REGEXEXTRACT(U$1,""T(\d+)"")),1), monthEnd,EOMONTH(monthStart,0), actualStart,MAX($D14,monthStart), actualEnd,MIN($E14,monthEnd), workingDaysInMonth,NETWORKDAYS(monthStart,monthEnd), "&" workingDaysOverlap,IF(actualStart>actualEnd,0,NETWORKDAYS(actualStart,actualEnd)), IF(workingDaysOverlap=0,"""",$F14*workingDaysOverlap/workingDaysInMonth) )"),0.0) -> 0 | V14: =IFERROR(__xludf.DUMMYFUNCTION("LET( monthStart,DATE(VALUE(REGEXEXTRACT(V$1,""\d{4}"")),VALUE(REGEXEXTRACT(V$1,""T(\d+)"")),1), monthEnd,EOMONTH(monthStart,0), actualStart,MAX($D14,monthStart), actualEnd,MIN($E14,monthEnd), workingDaysInMonth,NETWORKDAYS(monthStart,monthEnd), "&" workingDaysOverlap,IF(actualStart>actualEnd,0,NETWORKDAYS(actualStart,actualEnd)), IF(workingDaysOverlap=0,"""",$F14*workingDaysOverlap/workingDaysInMonth) )"),0.0) -> 0 | W14: =IFERROR(__xludf.DUMMYFUNCTION("LET( monthStart,DATE(VALUE(REGEXEXTRACT(W$1,""\d{4}"")),VALUE(REGEXEXTRACT(W$1,""T(\d+)"")),1), monthEnd,EOMONTH(monthStart,0), actualStart,MAX($D14,monthStart), actualEnd,MIN($E14,monthEnd), workingDaysInMonth,NETWORKDAYS(monthStart,monthEnd), "&" workingDaysOverlap,IF(actualStart>actualEnd,0,NETWORKDAYS(actualStart,actualEnd)), IF(workingDaysOverlap=0,"""",$F14*workingDaysOverlap/workingDaysInMonth) )"),0.0) -> 0 | X14: =IFERROR(__xludf.DUMMYFUNCTION("LET( monthStart,DATE(VALUE(REGEXEXTRACT(X$1,""\d{4}"")),VALUE(REGEXEXTRACT(X$1,""T(\d+)"")),1), monthEnd,EOMONTH(monthStart,0), actualStart,MAX($D14,monthStart), actualEnd,MIN($E14,monthEnd), workingDaysInMonth,NETWORKDAYS(monthStart,monthEnd), "&" workingDaysOverlap,IF(actualStart>actualEnd,0,NETWORKDAYS(actualStart,actualEnd)), IF(workingDaysOverlap=0,"""",$F14*workingDaysOverlap/workingDaysInMonth) )"),0.0) -> 0 | Y14: =IFERROR(__xludf.DUMMYFUNCTION("LET( monthStart,DATE(VALUE(REGEXEXTRACT(Y$1,""\d{4}"")),VALUE(REGEXEXTRACT(Y$1,""T(\d+)"")),1), monthEnd,EOMONTH(monthStart,0), actualStart,MAX($D14,monthStart), actualEnd,MIN($E14,monthEnd), workingDaysInMonth,NETWORKDAYS(monthStart,monthEnd), "&" workingDaysOverlap,IF(actualStart>actualEnd,0,NETWORKDAYS(actualStart,actualEnd)), IF(workingDaysOverlap=0,"""",$F14*workingDaysOverlap/workingDaysInMonth) )"),0.0) -> 0
G15: =IFERROR(__xludf.DUMMYFUNCTION("LET( monthStart,DATE(VALUE(REGEXEXTRACT(G$1,""\d{4}"")),VALUE(REGEXEXTRACT(G$1,""T(\d+)"")),1), monthEnd,EOMONTH(monthStart,0), actualStart,MAX($D15,monthStart), actualEnd,MIN($E15,monthEnd), workingDaysInMonth,NETWORKDAYS(monthStart,monthEnd), "&" workingDaysOverlap,IF(actualStart>actualEnd,0,NETWORKDAYS(actualStart,actualEnd)), IF(workingDaysOverlap=0,"""",$F15*workingDaysOverlap/workingDaysInMonth) )"),0.0) -> 0 | H15: =IFERROR(__xludf.DUMMYFUNCTION("LET( monthStart,DATE(VALUE(REGEXEXTRACT(H$1,""\d{4}"")),VALUE(REGEXEXTRACT(H$1,""T(\d+)"")),1), monthEnd,EOMONTH(monthStart,0), actualStart,MAX($D15,monthStart), actualEnd,MIN($E15,monthEnd), workingDaysInMonth,NETWORKDAYS(monthStart,monthEnd), "&" workingDaysOverlap,IF(actualStart>actualEnd,0,NETWORKDAYS(actualStart,actualEnd)), IF(workingDaysOverlap=0,"""",$F15*workingDaysOverlap/workingDaysInMonth) )"),0.0) -> 0 | I15: =IFERROR(__xludf.DUMMYFUNCTION("LET( monthStart,DATE(VALUE(REGEXEXTRACT(I$1,""\d{4}"")),VALUE(REGEXEXTRACT(I$1,""T(\d+)"")),1), monthEnd,EOMONTH(monthStart,0), actualStart,MAX($D15,monthStart), actualEnd,MIN($E15,monthEnd), workingDaysInMonth,NETWORKDAYS(monthStart,monthEnd), "&" workingDaysOverlap,IF(actualStart>actualEnd,0,NETWORKDAYS(actualStart,actualEnd)), IF(workingDaysOverlap=0,"""",$F15*workingDaysOverlap/workingDaysInMonth) )"),0.0) -> 0 | J15: =IFERROR(__xludf.DUMMYFUNCTION("LET( monthStart,DATE(VALUE(REGEXEXTRACT(J$1,""\d{4}"")),VALUE(REGEXEXTRACT(J$1,""T(\d+)"")),1), monthEnd,EOMONTH(monthStart,0), actualStart,MAX($D15,monthStart), actualEnd,MIN($E15,monthEnd), workingDaysInMonth,NETWORKDAYS(monthStart,monthEnd), "&" workingDaysOverlap,IF(actualStart>actualEnd,0,NETWORKDAYS(actualStart,actualEnd)), IF(workingDaysOverlap=0,"""",$F15*workingDaysOverlap/workingDaysInMonth) )"),0.0) -> 0 | K15: =IFERROR(__xludf.DUMMYFUNCTION("LET( monthStart,DATE(VALUE(REGEXEXTRACT(K$1,""\d{4}"")),VALUE(REGEXEXTRACT(K$1,""T(\d+)"")),1), monthEnd,EOMONTH(monthStart,0), actualStart,MAX($D15,monthStart), actualEnd,MIN($E15,monthEnd), workingDaysInMonth,NETWORKDAYS(monthStart,monthEnd), "&" workingDaysOverlap,IF(actualStart>actualEnd,0,NETWORKDAYS(actualStart,actualEnd)), IF(workingDaysOverlap=0,"""",$F15*workingDaysOverlap/workingDaysInMonth) )"),0.0) -> 0 | L15: =IFERROR(__xludf.DUMMYFUNCTION("LET( monthStart,DATE(VALUE(REGEXEXTRACT(L$1,""\d{4}"")),VALUE(REGEXEXTRACT(L$1,""T(\d+)"")),1), monthEnd,EOMONTH(monthStart,0), actualStart,MAX($D15,monthStart), actualEnd,MIN($E15,monthEnd), workingDaysInMonth,NETWORKDAYS(monthStart,monthEnd), "&" workingDaysOverlap,IF(actualStart>actualEnd,0,NETWORKDAYS(actualStart,actualEnd)), IF(workingDaysOverlap=0,"""",$F15*workingDaysOverlap/workingDaysInMonth) )"),0.0) -> 0 | M15: =IFERROR(__xludf.DUMMYFUNCTION("LET( monthStart,DATE(VALUE(REGEXEXTRACT(M$1,""\d{4}"")),VALUE(REGEXEXTRACT(M$1,""T(\d+)"")),1), monthEnd,EOMONTH(monthStart,0), actualStart,MAX($D15,monthStart), actualEnd,MIN($E15,monthEnd), workingDaysInMonth,NETWORKDAYS(monthStart,monthEnd), "&" workingDaysOverlap,IF(actualStart>actualEnd,0,NETWORKDAYS(actualStart,actualEnd)), IF(workingDaysOverlap=0,"""",$F15*workingDaysOverlap/workingDaysInMonth) )"),0.0) -> 0 | N15: =IFERROR(__xludf.DUMMYFUNCTION("LET( monthStart,DATE(VALUE(REGEXEXTRACT(N$1,""\d{4}"")),VALUE(REGEXEXTRACT(N$1,""T(\d+)"")),1), monthEnd,EOMONTH(monthStart,0), actualStart,MAX($D15,monthStart), actualEnd,MIN($E15,monthEnd), workingDaysInMonth,NETWORKDAYS(monthStart,monthEnd), "&" workingDaysOverlap,IF(actualStart>actualEnd,0,NETWORKDAYS(actualStart,actualEnd)), IF(workingDaysOverlap=0,"""",$F15*workingDaysOverlap/workingDaysInMonth) )"),0.0) -> 0 | O15: =IFERROR(__xludf.DUMMYFUNCTION("LET( monthStart,DATE(VALUE(REGEXEXTRACT(O$1,""\d{4}"")),VALUE(REGEXEXTRACT(O$1,""T(\d+)"")),1), monthEnd,EOMONTH(monthStart,0), actualStart,MAX($D15,monthStart), actualEnd,MIN($E15,monthEnd), workingDaysInMonth,NETWORKDAYS(monthStart,monthEnd), "&" workingDaysOverlap,IF(actualStart>actualEnd,0,NETWORKDAYS(actualStart,actualEnd)), IF(workingDaysOverlap=0,"""",$F15*workingDaysOverlap/workingDaysInMonth) )"),0.0) -> 0 | P15: =IFERROR(__xludf.DUMMYFUNCTION("LET( monthStart,DATE(VALUE(REGEXEXTRACT(P$1,""\d{4}"")),VALUE(REGEXEXTRACT(P$1,""T(\d+)"")),1), monthEnd,EOMONTH(monthStart,0), actualStart,MAX($D15,monthStart), actualEnd,MIN($E15,monthEnd), workingDaysInMonth,NETWORKDAYS(monthStart,monthEnd), "&" workingDaysOverlap,IF(actualStart>actualEnd,0,NETWORKDAYS(actualStart,actualEnd)), IF(workingDaysOverlap=0,"""",$F15*workingDaysOverlap/workingDaysInMonth) )"),0.0) -> 0 | Q15: =IFERROR(__xludf.DUMMYFUNCTION("LET( monthStart,DATE(VALUE(REGEXEXTRACT(Q$1,""\d{4}"")),VALUE(REGEXEXTRACT(Q$1,""T(\d+)"")),1), monthEnd,EOMONTH(monthStart,0), actualStart,MAX($D15,monthStart), actualEnd,MIN($E15,monthEnd), workingDaysInMonth,NETWORKDAYS(monthStart,monthEnd), "&" workingDaysOverlap,IF(actualStart>actualEnd,0,NETWORKDAYS(actualStart,actualEnd)), IF(workingDaysOverlap=0,"""",$F15*workingDaysOverlap/workingDaysInMonth) )"),0.0) -> 0 | R15: =IFERROR(__xludf.DUMMYFUNCTION("LET( monthStart,DATE(VALUE(REGEXEXTRACT(R$1,""\d{4}"")),VALUE(REGEXEXTRACT(R$1,""T(\d+)"")),1), monthEnd,EOMONTH(monthStart,0), actualStart,MAX($D15,monthStart), actualEnd,MIN($E15,monthEnd), workingDaysInMonth,NETWORKDAYS(monthStart,monthEnd), "&" workingDaysOverlap,IF(actualStart>actualEnd,0,NETWORKDAYS(actualStart,actualEnd)), IF(workingDaysOverlap=0,"""",$F15*workingDaysOverlap/workingDaysInMonth) )"),0.0) -> 0 | S15: =IFERROR(__xludf.DUMMYFUNCTION("LET( monthStart,DATE(VALUE(REGEXEXTRACT(S$1,""\d{4}"")),VALUE(REGEXEXTRACT(S$1,""T(\d+)"")),1), monthEnd,EOMONTH(monthStart,0), actualStart,MAX($D15,monthStart), actualEnd,MIN($E15,monthEnd), workingDaysInMonth,NETWORKDAYS(monthStart,monthEnd), "&" workingDaysOverlap,IF(actualStart>actualEnd,0,NETWORKDAYS(actualStart,actualEnd)), IF(workingDaysOverlap=0,"""",$F15*workingDaysOverlap/workingDaysInMonth) )"),0.0) -> 0 | T15: =IFERROR(__xludf.DUMMYFUNCTION("LET( monthStart,DATE(VALUE(REGEXEXTRACT(T$1,""\d{4}"")),VALUE(REGEXEXTRACT(T$1,""T(\d+)"")),1), monthEnd,EOMONTH(monthStart,0), actualStart,MAX($D15,monthStart), actualEnd,MIN($E15,monthEnd), workingDaysInMonth,NETWORKDAYS(monthStart,monthEnd), "&" workingDaysOverlap,IF(actualStart>actualEnd,0,NETWORKDAYS(actualStart,actualEnd)), IF(workingDaysOverlap=0,"""",$F15*workingDaysOverlap/workingDaysInMonth) )"),0.0) -> 0 | U15: =IFERROR(__xludf.DUMMYFUNCTION("LET( monthStart,DATE(VALUE(REGEXEXTRACT(U$1,""\d{4}"")),VALUE(REGEXEXTRACT(U$1,""T(\d+)"")),1), monthEnd,EOMONTH(monthStart,0), actualStart,MAX($D15,monthStart), actualEnd,MIN($E15,monthEnd), workingDaysInMonth,NETWORKDAYS(monthStart,monthEnd), "&" workingDaysOverlap,IF(actualStart>actualEnd,0,NETWORKDAYS(actualStart,actualEnd)), IF(workingDaysOverlap=0,"""",$F15*workingDaysOverlap/workingDaysInMonth) )"),0.0) -> 0 | V15: =IFERROR(__xludf.DUMMYFUNCTION("LET( monthStart,DATE(VALUE(REGEXEXTRACT(V$1,""\d{4}"")),VALUE(REGEXEXTRACT(V$1,""T(\d+)"")),1), monthEnd,EOMONTH(monthStart,0), actualStart,MAX($D15,monthStart), actualEnd,MIN($E15,monthEnd), workingDaysInMonth,NETWORKDAYS(monthStart,monthEnd), "&" workingDaysOverlap,IF(actualStart>actualEnd,0,NETWORKDAYS(actualStart,actualEnd)), IF(workingDaysOverlap=0,"""",$F15*workingDaysOverlap/workingDaysInMonth) )"),0.0) -> 0 | W15: =IFERROR(__xludf.DUMMYFUNCTION("LET( monthStart,DATE(VALUE(REGEXEXTRACT(W$1,""\d{4}"")),VALUE(REGEXEXTRACT(W$1,""T(\d+)"")),1), monthEnd,EOMONTH(monthStart,0), actualStart,MAX($D15,monthStart), actualEnd,MIN($E15,monthEnd), workingDaysInMonth,NETWORKDAYS(monthStart,monthEnd), "&" workingDaysOverlap,IF(actualStart>actualEnd,0,NETWORKDAYS(actualStart,actualEnd)), IF(workingDaysOverlap=0,"""",$F15*workingDaysOverlap/workingDaysInMonth) )"),0.0) -> 0 | X15: =IFERROR(__xludf.DUMMYFUNCTION("LET( monthStart,DATE(VALUE(REGEXEXTRACT(X$1,""\d{4}"")),VALUE(REGEXEXTRACT(X$1,""T(\d+)"")),1), monthEnd,EOMONTH(monthStart,0), actualStart,MAX($D15,monthStart), actualEnd,MIN($E15,monthEnd), workingDaysInMonth,NETWORKDAYS(monthStart,monthEnd), "&" workingDaysOverlap,IF(actualStart>actualEnd,0,NETWORKDAYS(actualStart,actualEnd)), IF(workingDaysOverlap=0,"""",$F15*workingDaysOverlap/workingDaysInMonth) )"),0.0) -> 0 | Y15: =IFERROR(__xludf.DUMMYFUNCTION("LET( monthStart,DATE(VALUE(REGEXEXTRACT(Y$1,""\d{4}"")),VALUE(REGEXEXTRACT(Y$1,""T(\d+)"")),1), monthEnd,EOMONTH(monthStart,0), actualStart,MAX($D15,monthStart), actualEnd,MIN($E15,monthEnd), workingDaysInMonth,NETWORKDAYS(monthStart,monthEnd), "&" workingDaysOverlap,IF(actualStart>actualEnd,0,NETWORKDAYS(actualStart,actualEnd)), IF(workingDaysOverlap=0,"""",$F15*workingDaysOverlap/workingDaysInMonth) )"),0.0) -> 0
G16: =IFERROR(__xludf.DUMMYFUNCTION("LET( monthStart,DATE(VALUE(REGEXEXTRACT(G$1,""\d{4}"")),VALUE(REGEXEXTRACT(G$1,""T(\d+)"")),1), monthEnd,EOMONTH(monthStart,0), actualStart,MAX($D16,monthStart), actualEnd,MIN($E16,monthEnd), workingDaysInMonth,NETWORKDAYS(monthStart,monthEnd), "&" workingDaysOverlap,IF(actualStart>actualEnd,0,NETWORKDAYS(actualStart,actualEnd)), IF(workingDaysOverlap=0,"""",$F16*workingDaysOverlap/workingDaysInMonth) )"),0.0) -> 0 | H16: =IFERROR(__xludf.DUMMYFUNCTION("LET( monthStart,DATE(VALUE(REGEXEXTRACT(H$1,""\d{4}"")),VALUE(REGEXEXTRACT(H$1,""T(\d+)"")),1), monthEnd,EOMONTH(monthStart,0), actualStart,MAX($D16,monthStart), actualEnd,MIN($E16,monthEnd), workingDaysInMonth,NETWORKDAYS(monthStart,monthEnd), "&" workingDaysOverlap,IF(actualStart>actualEnd,0,NETWORKDAYS(actualStart,actualEnd)), IF(workingDaysOverlap=0,"""",$F16*workingDaysOverlap/workingDaysInMonth) )"),0.0) -> 0 | I16: =IFERROR(__xludf.DUMMYFUNCTION("LET( monthStart,DATE(VALUE(REGEXEXTRACT(I$1,""\d{4}"")),VALUE(REGEXEXTRACT(I$1,""T(\d+)"")),1), monthEnd,EOMONTH(monthStart,0), actualStart,MAX($D16,monthStart), actualEnd,MIN($E16,monthEnd), workingDaysInMonth,NETWORKDAYS(monthStart,monthEnd), "&" workingDaysOverlap,IF(actualStart>actualEnd,0,NETWORKDAYS(actualStart,actualEnd)), IF(workingDaysOverlap=0,"""",$F16*workingDaysOverlap/workingDaysInMonth) )"),0.0) -> 0 | J16: =IFERROR(__xludf.DUMMYFUNCTION("LET( monthStart,DATE(VALUE(REGEXEXTRACT(J$1,""\d{4}"")),VALUE(REGEXEXTRACT(J$1,""T(\d+)"")),1), monthEnd,EOMONTH(monthStart,0), actualStart,MAX($D16,monthStart), actualEnd,MIN($E16,monthEnd), workingDaysInMonth,NETWORKDAYS(monthStart,monthEnd), "&" workingDaysOverlap,IF(actualStart>actualEnd,0,NETWORKDAYS(actualStart,actualEnd)), IF(workingDaysOverlap=0,"""",$F16*workingDaysOverlap/workingDaysInMonth) )"),0.0) -> 0 | K16: =IFERROR(__xludf.DUMMYFUNCTION("LET( monthStart,DATE(VALUE(REGEXEXTRACT(K$1,""\d{4}"")),VALUE(REGEXEXTRACT(K$1,""T(\d+)"")),1), monthEnd,EOMONTH(monthStart,0), actualStart,MAX($D16,monthStart), actualEnd,MIN($E16,monthEnd), workingDaysInMonth,NETWORKDAYS(monthStart,monthEnd), "&" workingDaysOverlap,IF(actualStart>actualEnd,0,NETWORKDAYS(actualStart,actualEnd)), IF(workingDaysOverlap=0,"""",$F16*workingDaysOverlap/workingDaysInMonth) )"),0.0) -> 0 | L16: =IFERROR(__xludf.DUMMYFUNCTION("LET( monthStart,DATE(VALUE(REGEXEXTRACT(L$1,""\d{4}"")),VALUE(REGEXEXTRACT(L$1,""T(\d+)"")),1), monthEnd,EOMONTH(monthStart,0), actualStart,MAX($D16,monthStart), actualEnd,MIN($E16,monthEnd), workingDaysInMonth,NETWORKDAYS(monthStart,monthEnd), "&" workingDaysOverlap,IF(actualStart>actualEnd,0,NETWORKDAYS(actualStart,actualEnd)), IF(workingDaysOverlap=0,"""",$F16*workingDaysOverlap/workingDaysInMonth) )"),0.0) -> 0 | M16: =IFERROR(__xludf.DUMMYFUNCTION("LET( monthStart,DATE(VALUE(REGEXEXTRACT(M$1,""\d{4}"")),VALUE(REGEXEXTRACT(M$1,""T(\d+)"")),1), monthEnd,EOMONTH(monthStart,0), actualStart,MAX($D16,monthStart), actualEnd,MIN($E16,monthEnd), workingDaysInMonth,NETWORKDAYS(monthStart,monthEnd), "&" workingDaysOverlap,IF(actualStart>actualEnd,0,NETWORKDAYS(actualStart,actualEnd)), IF(workingDaysOverlap=0,"""",$F16*workingDaysOverlap/workingDaysInMonth) )"),0.0) -> 0 | N16: =IFERROR(__xludf.DUMMYFUNCTION("LET( monthStart,DATE(VALUE(REGEXEXTRACT(N$1,""\d{4}"")),VALUE(REGEXEXTRACT(N$1,""T(\d+)"")),1), monthEnd,EOMONTH(monthStart,0), actualStart,MAX($D16,monthStart), actualEnd,MIN($E16,monthEnd), workingDaysInMonth,NETWORKDAYS(monthStart,monthEnd), "&" workingDaysOverlap,IF(actualStart>actualEnd,0,NETWORKDAYS(actualStart,actualEnd)), IF(workingDaysOverlap=0,"""",$F16*workingDaysOverlap/workingDaysInMonth) )"),0.0) -> 0 | O16: =IFERROR(__xludf.DUMMYFUNCTION("LET( monthStart,DATE(VALUE(REGEXEXTRACT(O$1,""\d{4}"")),VALUE(REGEXEXTRACT(O$1,""T(\d+)"")),1), monthEnd,EOMONTH(monthStart,0), actualStart,MAX($D16,monthStart), actualEnd,MIN($E16,monthEnd), workingDaysInMonth,NETWORKDAYS(monthStart,monthEnd), "&" workingDaysOverlap,IF(actualStart>actualEnd,0,NETWORKDAYS(actualStart,actualEnd)), IF(workingDaysOverlap=0,"""",$F16*workingDaysOverlap/workingDaysInMonth) )"),0.0) -> 0 | P16: =IFERROR(__xludf.DUMMYFUNCTION("LET( monthStart,DATE(VALUE(REGEXEXTRACT(P$1,""\d{4}"")),VALUE(REGEXEXTRACT(P$1,""T(\d+)"")),1), monthEnd,EOMONTH(monthStart,0), actualStart,MAX($D16,monthStart), actualEnd,MIN($E16,monthEnd), workingDaysInMonth,NETWORKDAYS(monthStart,monthEnd), "&" workingDaysOverlap,IF(actualStart>actualEnd,0,NETWORKDAYS(actualStart,actualEnd)), IF(workingDaysOverlap=0,"""",$F16*workingDaysOverlap/workingDaysInMonth) )"),0.0) -> 0 | Q16: =IFERROR(__xludf.DUMMYFUNCTION("LET( monthStart,DATE(VALUE(REGEXEXTRACT(Q$1,""\d{4}"")),VALUE(REGEXEXTRACT(Q$1,""T(\d+)"")),1), monthEnd,EOMONTH(monthStart,0), actualStart,MAX($D16,monthStart), actualEnd,MIN($E16,monthEnd), workingDaysInMonth,NETWORKDAYS(monthStart,monthEnd), "&" workingDaysOverlap,IF(actualStart>actualEnd,0,NETWORKDAYS(actualStart,actualEnd)), IF(workingDaysOverlap=0,"""",$F16*workingDaysOverlap/workingDaysInMonth) )"),0.0) -> 0 | R16: =IFERROR(__xludf.DUMMYFUNCTION("LET( monthStart,DATE(VALUE(REGEXEXTRACT(R$1,""\d{4}"")),VALUE(REGEXEXTRACT(R$1,""T(\d+)"")),1), monthEnd,EOMONTH(monthStart,0), actualStart,MAX($D16,monthStart), actualEnd,MIN($E16,monthEnd), workingDaysInMonth,NETWORKDAYS(monthStart,monthEnd), "&" workingDaysOverlap,IF(actualStart>actualEnd,0,NETWORKDAYS(actualStart,actualEnd)), IF(workingDaysOverlap=0,"""",$F16*workingDaysOverlap/workingDaysInMonth) )"),0.0) -> 0 | S16: =IFERROR(__xludf.DUMMYFUNCTION("LET( monthStart,DATE(VALUE(REGEXEXTRACT(S$1,""\d{4}"")),VALUE(REGEXEXTRACT(S$1,""T(\d+)"")),1), monthEnd,EOMONTH(monthStart,0), actualStart,MAX($D16,monthStart), actualEnd,MIN($E16,monthEnd), workingDaysInMonth,NETWORKDAYS(monthStart,monthEnd), "&" workingDaysOverlap,IF(actualStart>actualEnd,0,NETWORKDAYS(actualStart,actualEnd)), IF(workingDaysOverlap=0,"""",$F16*workingDaysOverlap/workingDaysInMonth) )"),0.0) -> 0 | T16: =IFERROR(__xludf.DUMMYFUNCTION("LET( monthStart,DATE(VALUE(REGEXEXTRACT(T$1,""\d{4}"")),VALUE(REGEXEXTRACT(T$1,""T(\d+)"")),1), monthEnd,EOMONTH(monthStart,0), actualStart,MAX($D16,monthStart), actualEnd,MIN($E16,monthEnd), workingDaysInMonth,NETWORKDAYS(monthStart,monthEnd), "&" workingDaysOverlap,IF(actualStart>actualEnd,0,NETWORKDAYS(actualStart,actualEnd)), IF(workingDaysOverlap=0,"""",$F16*workingDaysOverlap/workingDaysInMonth) )"),0.0) -> 0 | U16: =IFERROR(__xludf.DUMMYFUNCTION("LET( monthStart,DATE(VALUE(REGEXEXTRACT(U$1,""\d{4}"")),VALUE(REGEXEXTRACT(U$1,""T(\d+)"")),1), monthEnd,EOMONTH(monthStart,0), actualStart,MAX($D16,monthStart), actualEnd,MIN($E16,monthEnd), workingDaysInMonth,NETWORKDAYS(monthStart,monthEnd), "&" workingDaysOverlap,IF(actualStart>actualEnd,0,NETWORKDAYS(actualStart,actualEnd)), IF(workingDaysOverlap=0,"""",$F16*workingDaysOverlap/workingDaysInMonth) )"),0.0) -> 0 | V16: =IFERROR(__xludf.DUMMYFUNCTION("LET( monthStart,DATE(VALUE(REGEXEXTRACT(V$1,""\d{4}"")),VALUE(REGEXEXTRACT(V$1,""T(\d+)"")),1), monthEnd,EOMONTH(monthStart,0), actualStart,MAX($D16,monthStart), actualEnd,MIN($E16,monthEnd), workingDaysInMonth,NETWORKDAYS(monthStart,monthEnd), "&" workingDaysOverlap,IF(actualStart>actualEnd,0,NETWORKDAYS(actualStart,actualEnd)), IF(workingDaysOverlap=0,"""",$F16*workingDaysOverlap/workingDaysInMonth) )"),0.0) -> 0 | W16: =IFERROR(__xludf.DUMMYFUNCTION("LET( monthStart,DATE(VALUE(REGEXEXTRACT(W$1,""\d{4}"")),VALUE(REGEXEXTRACT(W$1,""T(\d+)"")),1), monthEnd,EOMONTH(monthStart,0), actualStart,MAX($D16,monthStart), actualEnd,MIN($E16,monthEnd), workingDaysInMonth,NETWORKDAYS(monthStart,monthEnd), "&" workingDaysOverlap,IF(actualStart>actualEnd,0,NETWORKDAYS(actualStart,actualEnd)), IF(workingDaysOverlap=0,"""",$F16*workingDaysOverlap/workingDaysInMonth) )"),0.0) -> 0 | X16: =IFERROR(__xludf.DUMMYFUNCTION("LET( monthStart,DATE(VALUE(REGEXEXTRACT(X$1,""\d{4}"")),VALUE(REGEXEXTRACT(X$1,""T(\d+)"")),1), monthEnd,EOMONTH(monthStart,0), actualStart,MAX($D16,monthStart), actualEnd,MIN($E16,monthEnd), workingDaysInMonth,NETWORKDAYS(monthStart,monthEnd), "&" workingDaysOverlap,IF(actualStart>actualEnd,0,NETWORKDAYS(actualStart,actualEnd)), IF(workingDaysOverlap=0,"""",$F16*workingDaysOverlap/workingDaysInMonth) )"),0.0) -> 0 | Y16: =IFERROR(__xludf.DUMMYFUNCTION("LET( monthStart,DATE(VALUE(REGEXEXTRACT(Y$1,""\d{4}"")),VALUE(REGEXEXTRACT(Y$1,""T(\d+)"")),1), monthEnd,EOMONTH(monthStart,0), actualStart,MAX($D16,monthStart), actualEnd,MIN($E16,monthEnd), workingDaysInMonth,NETWORKDAYS(monthStart,monthEnd), "&" workingDaysOverlap,IF(actualStart>actualEnd,0,NETWORKDAYS(actualStart,actualEnd)), IF(workingDaysOverlap=0,"""",$F16*workingDaysOverlap/workingDaysInMonth) )"),0.0) -> 0
G17: =IFERROR(__xludf.DUMMYFUNCTION("LET( monthStart,DATE(VALUE(REGEXEXTRACT(G$1,""\d{4}"")),VALUE(REGEXEXTRACT(G$1,""T(\d+)"")),1), monthEnd,EOMONTH(monthStart,0), actualStart,MAX($D17,monthStart), actualEnd,MIN($E17,monthEnd), workingDaysInMonth,NETWORKDAYS(monthStart,monthEnd), "&" workingDaysOverlap,IF(actualStart>actualEnd,0,NETWORKDAYS(actualStart,actualEnd)), IF(workingDaysOverlap=0,"""",$F17*workingDaysOverlap/workingDaysInMonth) )"),0.0) -> 0 | H17: =IFERROR(__xludf.DUMMYFUNCTION("LET( monthStart,DATE(VALUE(REGEXEXTRACT(H$1,""\d{4}"")),VALUE(REGEXEXTRACT(H$1,""T(\d+)"")),1), monthEnd,EOMONTH(monthStart,0), actualStart,MAX($D17,monthStart), actualEnd,MIN($E17,monthEnd), workingDaysInMonth,NETWORKDAYS(monthStart,monthEnd), "&" workingDaysOverlap,IF(actualStart>actualEnd,0,NETWORKDAYS(actualStart,actualEnd)), IF(workingDaysOverlap=0,"""",$F17*workingDaysOverlap/workingDaysInMonth) )"),0.0) -> 0 | I17: =IFERROR(__xludf.DUMMYFUNCTION("LET( monthStart,DATE(VALUE(REGEXEXTRACT(I$1,""\d{4}"")),VALUE(REGEXEXTRACT(I$1,""T(\d+)"")),1), monthEnd,EOMONTH(monthStart,0), actualStart,MAX($D17,monthStart), actualEnd,MIN($E17,monthEnd), workingDaysInMonth,NETWORKDAYS(monthStart,monthEnd), "&" workingDaysOverlap,IF(actualStart>actualEnd,0,NETWORKDAYS(actualStart,actualEnd)), IF(workingDaysOverlap=0,"""",$F17*workingDaysOverlap/workingDaysInMonth) )"),0.0) -> 0 | J17: =IFERROR(__xludf.DUMMYFUNCTION("LET( monthStart,DATE(VALUE(REGEXEXTRACT(J$1,""\d{4}"")),VALUE(REGEXEXTRACT(J$1,""T(\d+)"")),1), monthEnd,EOMONTH(monthStart,0), actualStart,MAX($D17,monthStart), actualEnd,MIN($E17,monthEnd), workingDaysInMonth,NETWORKDAYS(monthStart,monthEnd), "&" workingDaysOverlap,IF(actualStart>actualEnd,0,NETWORKDAYS(actualStart,actualEnd)), IF(workingDaysOverlap=0,"""",$F17*workingDaysOverlap/workingDaysInMonth) )"),0.0) -> 0 | K17: =IFERROR(__xludf.DUMMYFUNCTION("LET( monthStart,DATE(VALUE(REGEXEXTRACT(K$1,""\d{4}"")),VALUE(REGEXEXTRACT(K$1,""T(\d+)"")),1), monthEnd,EOMONTH(monthStart,0), actualStart,MAX($D17,monthStart), actualEnd,MIN($E17,monthEnd), workingDaysInMonth,NETWORKDAYS(monthStart,monthEnd), "&" workingDaysOverlap,IF(actualStart>actualEnd,0,NETWORKDAYS(actualStart,actualEnd)), IF(workingDaysOverlap=0,"""",$F17*workingDaysOverlap/workingDaysInMonth) )"),0.0) -> 0 | L17: =IFERROR(__xludf.DUMMYFUNCTION("LET( monthStart,DATE(VALUE(REGEXEXTRACT(L$1,""\d{4}"")),VALUE(REGEXEXTRACT(L$1,""T(\d+)"")),1), monthEnd,EOMONTH(monthStart,0), actualStart,MAX($D17,monthStart), actualEnd,MIN($E17,monthEnd), workingDaysInMonth,NETWORKDAYS(monthStart,monthEnd), "&" workingDaysOverlap,IF(actualStart>actualEnd,0,NETWORKDAYS(actualStart,actualEnd)), IF(workingDaysOverlap=0,"""",$F17*workingDaysOverlap/workingDaysInMonth) )"),0.0) -> 0 | M17: =IFERROR(__xludf.DUMMYFUNCTION("LET( monthStart,DATE(VALUE(REGEXEXTRACT(M$1,""\d{4}"")),VALUE(REGEXEXTRACT(M$1,""T(\d+)"")),1), monthEnd,EOMONTH(monthStart,0), actualStart,MAX($D17,monthStart), actualEnd,MIN($E17,monthEnd), workingDaysInMonth,NETWORKDAYS(monthStart,monthEnd), "&" workingDaysOverlap,IF(actualStart>actualEnd,0,NETWORKDAYS(actualStart,actualEnd)), IF(workingDaysOverlap=0,"""",$F17*workingDaysOverlap/workingDaysInMonth) )"),0.0) -> 0 | N17: =IFERROR(__xludf.DUMMYFUNCTION("LET( monthStart,DATE(VALUE(REGEXEXTRACT(N$1,""\d{4}"")),VALUE(REGEXEXTRACT(N$1,""T(\d+)"")),1), monthEnd,EOMONTH(monthStart,0), actualStart,MAX($D17,monthStart), actualEnd,MIN($E17,monthEnd), workingDaysInMonth,NETWORKDAYS(monthStart,monthEnd), "&" workingDaysOverlap,IF(actualStart>actualEnd,0,NETWORKDAYS(actualStart,actualEnd)), IF(workingDaysOverlap=0,"""",$F17*workingDaysOverlap/workingDaysInMonth) )"),0.0) -> 0 | O17: =IFERROR(__xludf.DUMMYFUNCTION("LET( monthStart,DATE(VALUE(REGEXEXTRACT(O$1,""\d{4}"")),VALUE(REGEXEXTRACT(O$1,""T(\d+)"")),1), monthEnd,EOMONTH(monthStart,0), actualStart,MAX($D17,monthStart), actualEnd,MIN($E17,monthEnd), workingDaysInMonth,NETWORKDAYS(monthStart,monthEnd), "&" workingDaysOverlap,IF(actualStart>actualEnd,0,NETWORKDAYS(actualStart,actualEnd)), IF(workingDaysOverlap=0,"""",$F17*workingDaysOverlap/workingDaysInMonth) )"),0.0) -> 0 | P17: =IFERROR(__xludf.DUMMYFUNCTION("LET( monthStart,DATE(VALUE(REGEXEXTRACT(P$1,""\d{4}"")),VALUE(REGEXEXTRACT(P$1,""T(\d+)"")),1), monthEnd,EOMONTH(monthStart,0), actualStart,MAX($D17,monthStart), actualEnd,MIN($E17,monthEnd), workingDaysInMonth,NETWORKDAYS(monthStart,monthEnd), "&" workingDaysOverlap,IF(actualStart>actualEnd,0,NETWORKDAYS(actualStart,actualEnd)), IF(workingDaysOverlap=0,"""",$F17*workingDaysOverlap/workingDaysInMonth) )"),0.0) -> 0 | Q17: =IFERROR(__xludf.DUMMYFUNCTION("LET( monthStart,DATE(VALUE(REGEXEXTRACT(Q$1,""\d{4}"")),VALUE(REGEXEXTRACT(Q$1,""T(\d+)"")),1), monthEnd,EOMONTH(monthStart,0), actualStart,MAX($D17,monthStart), actualEnd,MIN($E17,monthEnd), workingDaysInMonth,NETWORKDAYS(monthStart,monthEnd), "&" workingDaysOverlap,IF(actualStart>actualEnd,0,NETWORKDAYS(actualStart,actualEnd)), IF(workingDaysOverlap=0,"""",$F17*workingDaysOverlap/workingDaysInMonth) )"),0.0) -> 0 | R17: =IFERROR(__xludf.DUMMYFUNCTION("LET( monthStart,DATE(VALUE(REGEXEXTRACT(R$1,""\d{4}"")),VALUE(REGEXEXTRACT(R$1,""T(\d+)"")),1), monthEnd,EOMONTH(monthStart,0), actualStart,MAX($D17,monthStart), actualEnd,MIN($E17,monthEnd), workingDaysInMonth,NETWORKDAYS(monthStart,monthEnd), "&" workingDaysOverlap,IF(actualStart>actualEnd,0,NETWORKDAYS(actualStart,actualEnd)), IF(workingDaysOverlap=0,"""",$F17*workingDaysOverlap/workingDaysInMonth) )"),0.0) -> 0 | S17: =IFERROR(__xludf.DUMMYFUNCTION("LET( monthStart,DATE(VALUE(REGEXEXTRACT(S$1,""\d{4}"")),VALUE(REGEXEXTRACT(S$1,""T(\d+)"")),1), monthEnd,EOMONTH(monthStart,0), actualStart,MAX($D17,monthStart), actualEnd,MIN($E17,monthEnd), workingDaysInMonth,NETWORKDAYS(monthStart,monthEnd), "&" workingDaysOverlap,IF(actualStart>actualEnd,0,NETWORKDAYS(actualStart,actualEnd)), IF(workingDaysOverlap=0,"""",$F17*workingDaysOverlap/workingDaysInMonth) )"),0.0) -> 0 | T17: =IFERROR(__xludf.DUMMYFUNCTION("LET( monthStart,DATE(VALUE(REGEXEXTRACT(T$1,""\d{4}"")),VALUE(REGEXEXTRACT(T$1,""T(\d+)"")),1), monthEnd,EOMONTH(monthStart,0), actualStart,MAX($D17,monthStart), actualEnd,MIN($E17,monthEnd), workingDaysInMonth,NETWORKDAYS(monthStart,monthEnd), "&" workingDaysOverlap,IF(actualStart>actualEnd,0,NETWORKDAYS(actualStart,actualEnd)), IF(workingDaysOverlap=0,"""",$F17*workingDaysOverlap/workingDaysInMonth) )"),0.0) -> 0 | U17: =IFERROR(__xludf.DUMMYFUNCTION("LET( monthStart,DATE(VALUE(REGEXEXTRACT(U$1,""\d{4}"")),VALUE(REGEXEXTRACT(U$1,""T(\d+)"")),1), monthEnd,EOMONTH(monthStart,0), actualStart,MAX($D17,monthStart), actualEnd,MIN($E17,monthEnd), workingDaysInMonth,NETWORKDAYS(monthStart,monthEnd), "&" workingDaysOverlap,IF(actualStart>actualEnd,0,NETWORKDAYS(actualStart,actualEnd)), IF(workingDaysOverlap=0,"""",$F17*workingDaysOverlap/workingDaysInMonth) )"),0.0) -> 0 | V17: =IFERROR(__xludf.DUMMYFUNCTION("LET( monthStart,DATE(VALUE(REGEXEXTRACT(V$1,""\d{4}"")),VALUE(REGEXEXTRACT(V$1,""T(\d+)"")),1), monthEnd,EOMONTH(monthStart,0), actualStart,MAX($D17,monthStart), actualEnd,MIN($E17,monthEnd), workingDaysInMonth,NETWORKDAYS(monthStart,monthEnd), "&" workingDaysOverlap,IF(actualStart>actualEnd,0,NETWORKDAYS(actualStart,actualEnd)), IF(workingDaysOverlap=0,"""",$F17*workingDaysOverlap/workingDaysInMonth) )"),0.0) -> 0 | W17: =IFERROR(__xludf.DUMMYFUNCTION("LET( monthStart,DATE(VALUE(REGEXEXTRACT(W$1,""\d{4}"")),VALUE(REGEXEXTRACT(W$1,""T(\d+)"")),1), monthEnd,EOMONTH(monthStart,0), actualStart,MAX($D17,monthStart), actualEnd,MIN($E17,monthEnd), workingDaysInMonth,NETWORKDAYS(monthStart,monthEnd), "&" workingDaysOverlap,IF(actualStart>actualEnd,0,NETWORKDAYS(actualStart,actualEnd)), IF(workingDaysOverlap=0,"""",$F17*workingDaysOverlap/workingDaysInMonth) )"),0.0) -> 0 | X17: =IFERROR(__xludf.DUMMYFUNCTION("LET( monthStart,DATE(VALUE(REGEXEXTRACT(X$1,""\d{4}"")),VALUE(REGEXEXTRACT(X$1,""T(\d+)"")),1), monthEnd,EOMONTH(monthStart,0), actualStart,MAX($D17,monthStart), actualEnd,MIN($E17,monthEnd), workingDaysInMonth,NETWORKDAYS(monthStart,monthEnd), "&" workingDaysOverlap,IF(actualStart>actualEnd,0,NETWORKDAYS(actualStart,actualEnd)), IF(workingDaysOverlap=0,"""",$F17*workingDaysOverlap/workingDaysInMonth) )"),0.0) -> 0 | Y17: =IFERROR(__xludf.DUMMYFUNCTION("LET( monthStart,DATE(VALUE(REGEXEXTRACT(Y$1,""\d{4}"")),VALUE(REGEXEXTRACT(Y$1,""T(\d+)"")),1), monthEnd,EOMONTH(monthStart,0), actualStart,MAX($D17,monthStart), actualEnd,MIN($E17,monthEnd), workingDaysInMonth,NETWORKDAYS(monthStart,monthEnd), "&" workingDaysOverlap,IF(actualStart>actualEnd,0,NETWORKDAYS(actualStart,actualEnd)), IF(workingDaysOverlap=0,"""",$F17*workingDaysOverlap/workingDaysInMonth) )"),0.0) -> 0
G18: =IFERROR(__xludf.DUMMYFUNCTION("LET( monthStart,DATE(VALUE(REGEXEXTRACT(G$1,""\d{4}"")),VALUE(REGEXEXTRACT(G$1,""T(\d+)"")),1), monthEnd,EOMONTH(monthStart,0), actualStart,MAX($D18,monthStart), actualEnd,MIN($E18,monthEnd), workingDaysInMonth,NETWORKDAYS(monthStart,monthEnd), "&" workingDaysOverlap,IF(actualStart>actualEnd,0,NETWORKDAYS(actualStart,actualEnd)), IF(workingDaysOverlap=0,"""",$F18*workingDaysOverlap/workingDaysInMonth) )"),0.0) -> 0 | H18: =IFERROR(__xludf.DUMMYFUNCTION("LET( monthStart,DATE(VALUE(REGEXEXTRACT(H$1,""\d{4}"")),VALUE(REGEXEXTRACT(H$1,""T(\d+)"")),1), monthEnd,EOMONTH(monthStart,0), actualStart,MAX($D18,monthStart), actualEnd,MIN($E18,monthEnd), workingDaysInMonth,NETWORKDAYS(monthStart,monthEnd), "&" workingDaysOverlap,IF(actualStart>actualEnd,0,NETWORKDAYS(actualStart,actualEnd)), IF(workingDaysOverlap=0,"""",$F18*workingDaysOverlap/workingDaysInMonth) )"),0.0) -> 0 | I18: =IFERROR(__xludf.DUMMYFUNCTION("LET( monthStart,DATE(VALUE(REGEXEXTRACT(I$1,""\d{4}"")),VALUE(REGEXEXTRACT(I$1,""T(\d+)"")),1), monthEnd,EOMONTH(monthStart,0), actualStart,MAX($D18,monthStart), actualEnd,MIN($E18,monthEnd), workingDaysInMonth,NETWORKDAYS(monthStart,monthEnd), "&" workingDaysOverlap,IF(actualStart>actualEnd,0,NETWORKDAYS(actualStart,actualEnd)), IF(workingDaysOverlap=0,"""",$F18*workingDaysOverlap/workingDaysInMonth) )"),0.0) -> 0 | J18: =IFERROR(__xludf.DUMMYFUNCTION("LET( monthStart,DATE(VALUE(REGEXEXTRACT(J$1,""\d{4}"")),VALUE(REGEXEXTRACT(J$1,""T(\d+)"")),1), monthEnd,EOMONTH(monthStart,0), actualStart,MAX($D18,monthStart), actualEnd,MIN($E18,monthEnd), workingDaysInMonth,NETWORKDAYS(monthStart,monthEnd), "&" workingDaysOverlap,IF(actualStart>actualEnd,0,NETWORKDAYS(actualStart,actualEnd)), IF(workingDaysOverlap=0,"""",$F18*workingDaysOverlap/workingDaysInMonth) )"),0.0) -> 0 | K18: =IFERROR(__xludf.DUMMYFUNCTION("LET( monthStart,DATE(VALUE(REGEXEXTRACT(K$1,""\d{4}"")),VALUE(REGEXEXTRACT(K$1,""T(\d+)"")),1), monthEnd,EOMONTH(monthStart,0), actualStart,MAX($D18,monthStart), actualEnd,MIN($E18,monthEnd), workingDaysInMonth,NETWORKDAYS(monthStart,monthEnd), "&" workingDaysOverlap,IF(actualStart>actualEnd,0,NETWORKDAYS(actualStart,actualEnd)), IF(workingDaysOverlap=0,"""",$F18*workingDaysOverlap/workingDaysInMonth) )"),0.0) -> 0 | L18: =IFERROR(__xludf.DUMMYFUNCTION("LET( monthStart,DATE(VALUE(REGEXEXTRACT(L$1,""\d{4}"")),VALUE(REGEXEXTRACT(L$1,""T(\d+)"")),1), monthEnd,EOMONTH(monthStart,0), actualStart,MAX($D18,monthStart), actualEnd,MIN($E18,monthEnd), workingDaysInMonth,NETWORKDAYS(monthStart,monthEnd), "&" workingDaysOverlap,IF(actualStart>actualEnd,0,NETWORKDAYS(actualStart,actualEnd)), IF(workingDaysOverlap=0,"""",$F18*workingDaysOverlap/workingDaysInMonth) )"),0.0) -> 0 | M18: =IFERROR(__xludf.DUMMYFUNCTION("LET( monthStart,DATE(VALUE(REGEXEXTRACT(M$1,""\d{4}"")),VALUE(REGEXEXTRACT(M$1,""T(\d+)"")),1), monthEnd,EOMONTH(monthStart,0), actualStart,MAX($D18,monthStart), actualEnd,MIN($E18,monthEnd), workingDaysInMonth,NETWORKDAYS(monthStart,monthEnd), "&" workingDaysOverlap,IF(actualStart>actualEnd,0,NETWORKDAYS(actualStart,actualEnd)), IF(workingDaysOverlap=0,"""",$F18*workingDaysOverlap/workingDaysInMonth) )"),0.0) -> 0 | N18: =IFERROR(__xludf.DUMMYFUNCTION("LET( monthStart,DATE(VALUE(REGEXEXTRACT(N$1,""\d{4}"")),VALUE(REGEXEXTRACT(N$1,""T(\d+)"")),1), monthEnd,EOMONTH(monthStart,0), actualStart,MAX($D18,monthStart), actualEnd,MIN($E18,monthEnd), workingDaysInMonth,NETWORKDAYS(monthStart,monthEnd), "&" workingDaysOverlap,IF(actualStart>actualEnd,0,NETWORKDAYS(actualStart,actualEnd)), IF(workingDaysOverlap=0,"""",$F18*workingDaysOverlap/workingDaysInMonth) )"),0.0) -> 0 | O18: =IFERROR(__xludf.DUMMYFUNCTION("LET( monthStart,DATE(VALUE(REGEXEXTRACT(O$1,""\d{4}"")),VALUE(REGEXEXTRACT(O$1,""T(\d+)"")),1), monthEnd,EOMONTH(monthStart,0), actualStart,MAX($D18,monthStart), actualEnd,MIN($E18,monthEnd), workingDaysInMonth,NETWORKDAYS(monthStart,monthEnd), "&" workingDaysOverlap,IF(actualStart>actualEnd,0,NETWORKDAYS(actualStart,actualEnd)), IF(workingDaysOverlap=0,"""",$F18*workingDaysOverlap/workingDaysInMonth) )"),0.0) -> 0 | P18: =IFERROR(__xludf.DUMMYFUNCTION("LET( monthStart,DATE(VALUE(REGEXEXTRACT(P$1,""\d{4}"")),VALUE(REGEXEXTRACT(P$1,""T(\d+)"")),1), monthEnd,EOMONTH(monthStart,0), actualStart,MAX($D18,monthStart), actualEnd,MIN($E18,monthEnd), workingDaysInMonth,NETWORKDAYS(monthStart,monthEnd), "&" workingDaysOverlap,IF(actualStart>actualEnd,0,NETWORKDAYS(actualStart,actualEnd)), IF(workingDaysOverlap=0,"""",$F18*workingDaysOverlap/workingDaysInMonth) )"),0.0) -> 0 | Q18: =IFERROR(__xludf.DUMMYFUNCTION("LET( monthStart,DATE(VALUE(REGEXEXTRACT(Q$1,""\d{4}"")),VALUE(REGEXEXTRACT(Q$1,""T(\d+)"")),1), monthEnd,EOMONTH(monthStart,0), actualStart,MAX($D18,monthStart), actualEnd,MIN($E18,monthEnd), workingDaysInMonth,NETWORKDAYS(monthStart,monthEnd), "&" workingDaysOverlap,IF(actualStart>actualEnd,0,NETWORKDAYS(actualStart,actualEnd)), IF(workingDaysOverlap=0,"""",$F18*workingDaysOverlap/workingDaysInMonth) )"),0.0) -> 0 | R18: =IFERROR(__xludf.DUMMYFUNCTION("LET( monthStart,DATE(VALUE(REGEXEXTRACT(R$1,""\d{4}"")),VALUE(REGEXEXTRACT(R$1,""T(\d+)"")),1), monthEnd,EOMONTH(monthStart,0), actualStart,MAX($D18,monthStart), actualEnd,MIN($E18,monthEnd), workingDaysInMonth,NETWORKDAYS(monthStart,monthEnd), "&" workingDaysOverlap,IF(actualStart>actualEnd,0,NETWORKDAYS(actualStart,actualEnd)), IF(workingDaysOverlap=0,"""",$F18*workingDaysOverlap/workingDaysInMonth) )"),0.0) -> 0 | S18: =IFERROR(__xludf.DUMMYFUNCTION("LET( monthStart,DATE(VALUE(REGEXEXTRACT(S$1,""\d{4}"")),VALUE(REGEXEXTRACT(S$1,""T(\d+)"")),1), monthEnd,EOMONTH(monthStart,0), actualStart,MAX($D18,monthStart), actualEnd,MIN($E18,monthEnd), workingDaysInMonth,NETWORKDAYS(monthStart,monthEnd), "&" workingDaysOverlap,IF(actualStart>actualEnd,0,NETWORKDAYS(actualStart,actualEnd)), IF(workingDaysOverlap=0,"""",$F18*workingDaysOverlap/workingDaysInMonth) )"),0.0) -> 0 | T18: =IFERROR(__xludf.DUMMYFUNCTION("LET( monthStart,DATE(VALUE(REGEXEXTRACT(T$1,""\d{4}"")),VALUE(REGEXEXTRACT(T$1,""T(\d+)"")),1), monthEnd,EOMONTH(monthStart,0), actualStart,MAX($D18,monthStart), actualEnd,MIN($E18,monthEnd), workingDaysInMonth,NETWORKDAYS(monthStart,monthEnd), "&" workingDaysOverlap,IF(actualStart>actualEnd,0,NETWORKDAYS(actualStart,actualEnd)), IF(workingDaysOverlap=0,"""",$F18*workingDaysOverlap/workingDaysInMonth) )"),0.0) -> 0 | U18: =IFERROR(__xludf.DUMMYFUNCTION("LET( monthStart,DATE(VALUE(REGEXEXTRACT(U$1,""\d{4}"")),VALUE(REGEXEXTRACT(U$1,""T(\d+)"")),1), monthEnd,EOMONTH(monthStart,0), actualStart,MAX($D18,monthStart), actualEnd,MIN($E18,monthEnd), workingDaysInMonth,NETWORKDAYS(monthStart,monthEnd), "&" workingDaysOverlap,IF(actualStart>actualEnd,0,NETWORKDAYS(actualStart,actualEnd)), IF(workingDaysOverlap=0,"""",$F18*workingDaysOverlap/workingDaysInMonth) )"),0.0) -> 0 | V18: =IFERROR(__xludf.DUMMYFUNCTION("LET( monthStart,DATE(VALUE(REGEXEXTRACT(V$1,""\d{4}"")),VALUE(REGEXEXTRACT(V$1,""T(\d+)"")),1), monthEnd,EOMONTH(monthStart,0), actualStart,MAX($D18,monthStart), actualEnd,MIN($E18,monthEnd), workingDaysInMonth,NETWORKDAYS(monthStart,monthEnd), "&" workingDaysOverlap,IF(actualStart>actualEnd,0,NETWORKDAYS(actualStart,actualEnd)), IF(workingDaysOverlap=0,"""",$F18*workingDaysOverlap/workingDaysInMonth) )"),0.0) -> 0 | W18: =IFERROR(__xludf.DUMMYFUNCTION("LET( monthStart,DATE(VALUE(REGEXEXTRACT(W$1,""\d{4}"")),VALUE(REGEXEXTRACT(W$1,""T(\d+)"")),1), monthEnd,EOMONTH(monthStart,0), actualStart,MAX($D18,monthStart), actualEnd,MIN($E18,monthEnd), workingDaysInMonth,NETWORKDAYS(monthStart,monthEnd), "&" workingDaysOverlap,IF(actualStart>actualEnd,0,NETWORKDAYS(actualStart,actualEnd)), IF(workingDaysOverlap=0,"""",$F18*workingDaysOverlap/workingDaysInMonth) )"),0.0) -> 0 | X18: =IFERROR(__xludf.DUMMYFUNCTION("LET( monthStart,DATE(VALUE(REGEXEXTRACT(X$1,""\d{4}"")),VALUE(REGEXEXTRACT(X$1,""T(\d+)"")),1), monthEnd,EOMONTH(monthStart,0), actualStart,MAX($D18,monthStart), actualEnd,MIN($E18,monthEnd), workingDaysInMonth,NETWORKDAYS(monthStart,monthEnd), "&" workingDaysOverlap,IF(actualStart>actualEnd,0,NETWORKDAYS(actualStart,actualEnd)), IF(workingDaysOverlap=0,"""",$F18*workingDaysOverlap/workingDaysInMonth) )"),0.0) -> 0 | Y18: =IFERROR(__xludf.DUMMYFUNCTION("LET( monthStart,DATE(VALUE(REGEXEXTRACT(Y$1,""\d{4}"")),VALUE(REGEXEXTRACT(Y$1,""T(\d+)"")),1), monthEnd,EOMONTH(monthStart,0), actualStart,MAX($D18,monthStart), actualEnd,MIN($E18,monthEnd), workingDaysInMonth,NETWORKDAYS(monthStart,monthEnd), "&" workingDaysOverlap,IF(actualStart>actualEnd,0,NETWORKDAYS(actualStart,actualEnd)), IF(workingDaysOverlap=0,"""",$F18*workingDaysOverlap/workingDaysInMonth) )"),0.0) -> 0
G19: =IFERROR(__xludf.DUMMYFUNCTION("LET( monthStart,DATE(VALUE(REGEXEXTRACT(G$1,""\d{4}"")),VALUE(REGEXEXTRACT(G$1,""T(\d+)"")),1), monthEnd,EOMONTH(monthStart,0), actualStart,MAX($D19,monthStart), actualEnd,MIN($E19,monthEnd), workingDaysInMonth,NETWORKDAYS(monthStart,monthEnd), "&" workingDaysOverlap,IF(actualStart>actualEnd,0,NETWORKDAYS(actualStart,actualEnd)), IF(workingDaysOverlap=0,"""",$F19*workingDaysOverlap/workingDaysInMonth) )"),0.0) -> 0 | H19: =IFERROR(__xludf.DUMMYFUNCTION("LET( monthStart,DATE(VALUE(REGEXEXTRACT(H$1,""\d{4}"")),VALUE(REGEXEXTRACT(H$1,""T(\d+)"")),1), monthEnd,EOMONTH(monthStart,0), actualStart,MAX($D19,monthStart), actualEnd,MIN($E19,monthEnd), workingDaysInMonth,NETWORKDAYS(monthStart,monthEnd), "&" workingDaysOverlap,IF(actualStart>actualEnd,0,NETWORKDAYS(actualStart,actualEnd)), IF(workingDaysOverlap=0,"""",$F19*workingDaysOverlap/workingDaysInMonth) )"),0.0) -> 0 | I19: =IFERROR(__xludf.DUMMYFUNCTION("LET( monthStart,DATE(VALUE(REGEXEXTRACT(I$1,""\d{4}"")),VALUE(REGEXEXTRACT(I$1,""T(\d+)"")),1), monthEnd,EOMONTH(monthStart,0), actualStart,MAX($D19,monthStart), actualEnd,MIN($E19,monthEnd), workingDaysInMonth,NETWORKDAYS(monthStart,monthEnd), "&" workingDaysOverlap,IF(actualStart>actualEnd,0,NETWORKDAYS(actualStart,actualEnd)), IF(workingDaysOverlap=0,"""",$F19*workingDaysOverlap/workingDaysInMonth) )"),0.0) -> 0 | J19: =IFERROR(__xludf.DUMMYFUNCTION("LET( monthStart,DATE(VALUE(REGEXEXTRACT(J$1,""\d{4}"")),VALUE(REGEXEXTRACT(J$1,""T(\d+)"")),1), monthEnd,EOMONTH(monthStart,0), actualStart,MAX($D19,monthStart), actualEnd,MIN($E19,monthEnd), workingDaysInMonth,NETWORKDAYS(monthStart,monthEnd), "&" workingDaysOverlap,IF(actualStart>actualEnd,0,NETWORKDAYS(actualStart,actualEnd)), IF(workingDaysOverlap=0,"""",$F19*workingDaysOverlap/workingDaysInMonth) )"),0.0) -> 0 | K19: =IFERROR(__xludf.DUMMYFUNCTION("LET( monthStart,DATE(VALUE(REGEXEXTRACT(K$1,""\d{4}"")),VALUE(REGEXEXTRACT(K$1,""T(\d+)"")),1), monthEnd,EOMONTH(monthStart,0), actualStart,MAX($D19,monthStart), actualEnd,MIN($E19,monthEnd), workingDaysInMonth,NETWORKDAYS(monthStart,monthEnd), "&" workingDaysOverlap,IF(actualStart>actualEnd,0,NETWORKDAYS(actualStart,actualEnd)), IF(workingDaysOverlap=0,"""",$F19*workingDaysOverlap/workingDaysInMonth) )"),0.0) -> 0 | L19: =IFERROR(__xludf.DUMMYFUNCTION("LET( monthStart,DATE(VALUE(REGEXEXTRACT(L$1,""\d{4}"")),VALUE(REGEXEXTRACT(L$1,""T(\d+)"")),1), monthEnd,EOMONTH(monthStart,0), actualStart,MAX($D19,monthStart), actualEnd,MIN($E19,monthEnd), workingDaysInMonth,NETWORKDAYS(monthStart,monthEnd), "&" workingDaysOverlap,IF(actualStart>actualEnd,0,NETWORKDAYS(actualStart,actualEnd)), IF(workingDaysOverlap=0,"""",$F19*workingDaysOverlap/workingDaysInMonth) )"),0.0) -> 0 | M19: =IFERROR(__xludf.DUMMYFUNCTION("LET( monthStart,DATE(VALUE(REGEXEXTRACT(M$1,""\d{4}"")),VALUE(REGEXEXTRACT(M$1,""T(\d+)"")),1), monthEnd,EOMONTH(monthStart,0), actualStart,MAX($D19,monthStart), actualEnd,MIN($E19,monthEnd), workingDaysInMonth,NETWORKDAYS(monthStart,monthEnd), "&" workingDaysOverlap,IF(actualStart>actualEnd,0,NETWORKDAYS(actualStart,actualEnd)), IF(workingDaysOverlap=0,"""",$F19*workingDaysOverlap/workingDaysInMonth) )"),0.0) -> 0 | N19: =IFERROR(__xludf.DUMMYFUNCTION("LET( monthStart,DATE(VALUE(REGEXEXTRACT(N$1,""\d{4}"")),VALUE(REGEXEXTRACT(N$1,""T(\d+)"")),1), monthEnd,EOMONTH(monthStart,0), actualStart,MAX($D19,monthStart), actualEnd,MIN($E19,monthEnd), workingDaysInMonth,NETWORKDAYS(monthStart,monthEnd), "&" workingDaysOverlap,IF(actualStart>actualEnd,0,NETWORKDAYS(actualStart,actualEnd)), IF(workingDaysOverlap=0,"""",$F19*workingDaysOverlap/workingDaysInMonth) )"),0.0) -> 0 | O19: =IFERROR(__xludf.DUMMYFUNCTION("LET( monthStart,DATE(VALUE(REGEXEXTRACT(O$1,""\d{4}"")),VALUE(REGEXEXTRACT(O$1,""T(\d+)"")),1), monthEnd,EOMONTH(monthStart,0), actualStart,MAX($D19,monthStart), actualEnd,MIN($E19,monthEnd), workingDaysInMonth,NETWORKDAYS(monthStart,monthEnd), "&" workingDaysOverlap,IF(actualStart>actualEnd,0,NETWORKDAYS(actualStart,actualEnd)), IF(workingDaysOverlap=0,"""",$F19*workingDaysOverlap/workingDaysInMonth) )"),0.0) -> 0 | P19: =IFERROR(__xludf.DUMMYFUNCTION("LET( monthStart,DATE(VALUE(REGEXEXTRACT(P$1,""\d{4}"")),VALUE(REGEXEXTRACT(P$1,""T(\d+)"")),1), monthEnd,EOMONTH(monthStart,0), actualStart,MAX($D19,monthStart), actualEnd,MIN($E19,monthEnd), workingDaysInMonth,NETWORKDAYS(monthStart,monthEnd), "&" workingDaysOverlap,IF(actualStart>actualEnd,0,NETWORKDAYS(actualStart,actualEnd)), IF(workingDaysOverlap=0,"""",$F19*workingDaysOverlap/workingDaysInMonth) )"),0.0) -> 0 | Q19: =IFERROR(__xludf.DUMMYFUNCTION("LET( monthStart,DATE(VALUE(REGEXEXTRACT(Q$1,""\d{4}"")),VALUE(REGEXEXTRACT(Q$1,""T(\d+)"")),1), monthEnd,EOMONTH(monthStart,0), actualStart,MAX($D19,monthStart), actualEnd,MIN($E19,monthEnd), workingDaysInMonth,NETWORKDAYS(monthStart,monthEnd), "&" workingDaysOverlap,IF(actualStart>actualEnd,0,NETWORKDAYS(actualStart,actualEnd)), IF(workingDaysOverlap=0,"""",$F19*workingDaysOverlap/workingDaysInMonth) )"),0.0) -> 0 | R19: =IFERROR(__xludf.DUMMYFUNCTION("LET( monthStart,DATE(VALUE(REGEXEXTRACT(R$1,""\d{4}"")),VALUE(REGEXEXTRACT(R$1,""T(\d+)"")),1), monthEnd,EOMONTH(monthStart,0), actualStart,MAX($D19,monthStart), actualEnd,MIN($E19,monthEnd), workingDaysInMonth,NETWORKDAYS(monthStart,monthEnd), "&" workingDaysOverlap,IF(actualStart>actualEnd,0,NETWORKDAYS(actualStart,actualEnd)), IF(workingDaysOverlap=0,"""",$F19*workingDaysOverlap/workingDaysInMonth) )"),0.0) -> 0 | S19: =IFERROR(__xludf.DUMMYFUNCTION("LET( monthStart,DATE(VALUE(REGEXEXTRACT(S$1,""\d{4}"")),VALUE(REGEXEXTRACT(S$1,""T(\d+)"")),1), monthEnd,EOMONTH(monthStart,0), actualStart,MAX($D19,monthStart), actualEnd,MIN($E19,monthEnd), workingDaysInMonth,NETWORKDAYS(monthStart,monthEnd), "&" workingDaysOverlap,IF(actualStart>actualEnd,0,NETWORKDAYS(actualStart,actualEnd)), IF(workingDaysOverlap=0,"""",$F19*workingDaysOverlap/workingDaysInMonth) )"),0.0) -> 0 | T19: =IFERROR(__xludf.DUMMYFUNCTION("LET( monthStart,DATE(VALUE(REGEXEXTRACT(T$1,""\d{4}"")),VALUE(REGEXEXTRACT(T$1,""T(\d+)"")),1), monthEnd,EOMONTH(monthStart,0), actualStart,MAX($D19,monthStart), actualEnd,MIN($E19,monthEnd), workingDaysInMonth,NETWORKDAYS(monthStart,monthEnd), "&" workingDaysOverlap,IF(actualStart>actualEnd,0,NETWORKDAYS(actualStart,actualEnd)), IF(workingDaysOverlap=0,"""",$F19*workingDaysOverlap/workingDaysInMonth) )"),0.0) -> 0 | U19: =IFERROR(__xludf.DUMMYFUNCTION("LET( monthStart,DATE(VALUE(REGEXEXTRACT(U$1,""\d{4}"")),VALUE(REGEXEXTRACT(U$1,""T(\d+)"")),1), monthEnd,EOMONTH(monthStart,0), actualStart,MAX($D19,monthStart), actualEnd,MIN($E19,monthEnd), workingDaysInMonth,NETWORKDAYS(monthStart,monthEnd), "&" workingDaysOverlap,IF(actualStart>actualEnd,0,NETWORKDAYS(actualStart,actualEnd)), IF(workingDaysOverlap=0,"""",$F19*workingDaysOverlap/workingDaysInMonth) )"),0.0) -> 0 | V19: =IFERROR(__xludf.DUMMYFUNCTION("LET( monthStart,DATE(VALUE(REGEXEXTRACT(V$1,""\d{4}"")),VALUE(REGEXEXTRACT(V$1,""T(\d+)"")),1), monthEnd,EOMONTH(monthStart,0), actualStart,MAX($D19,monthStart), actualEnd,MIN($E19,monthEnd), workingDaysInMonth,NETWORKDAYS(monthStart,monthEnd), "&" workingDaysOverlap,IF(actualStart>actualEnd,0,NETWORKDAYS(actualStart,actualEnd)), IF(workingDaysOverlap=0,"""",$F19*workingDaysOverlap/workingDaysInMonth) )"),0.0) -> 0 | W19: =IFERROR(__xludf.DUMMYFUNCTION("LET( monthStart,DATE(VALUE(REGEXEXTRACT(W$1,""\d{4}"")),VALUE(REGEXEXTRACT(W$1,""T(\d+)"")),1), monthEnd,EOMONTH(monthStart,0), actualStart,MAX($D19,monthStart), actualEnd,MIN($E19,monthEnd), workingDaysInMonth,NETWORKDAYS(monthStart,monthEnd), "&" workingDaysOverlap,IF(actualStart>actualEnd,0,NETWORKDAYS(actualStart,actualEnd)), IF(workingDaysOverlap=0,"""",$F19*workingDaysOverlap/workingDaysInMonth) )"),0.0) -> 0 | X19: =IFERROR(__xludf.DUMMYFUNCTION("LET( monthStart,DATE(VALUE(REGEXEXTRACT(X$1,""\d{4}"")),VALUE(REGEXEXTRACT(X$1,""T(\d+)"")),1), monthEnd,EOMONTH(monthStart,0), actualStart,MAX($D19,monthStart), actualEnd,MIN($E19,monthEnd), workingDaysInMonth,NETWORKDAYS(monthStart,monthEnd), "&" workingDaysOverlap,IF(actualStart>actualEnd,0,NETWORKDAYS(actualStart,actualEnd)), IF(workingDaysOverlap=0,"""",$F19*workingDaysOverlap/workingDaysInMonth) )"),0.0) -> 0 | Y19: =IFERROR(__xludf.DUMMYFUNCTION("LET( monthStart,DATE(VALUE(REGEXEXTRACT(Y$1,""\d{4}"")),VALUE(REGEXEXTRACT(Y$1,""T(\d+)"")),1), monthEnd,EOMONTH(monthStart,0), actualStart,MAX($D19,monthStart), actualEnd,MIN($E19,monthEnd), workingDaysInMonth,NETWORKDAYS(monthStart,monthEnd), "&" workingDaysOverlap,IF(actualStart>actualEnd,0,NETWORKDAYS(actualStart,actualEnd)), IF(workingDaysOverlap=0,"""",$F19*workingDaysOverlap/workingDaysInMonth) )"),0.0) -> 0
G20: =IFERROR(__xludf.DUMMYFUNCTION("LET( monthStart,DATE(VALUE(REGEXEXTRACT(G$1,""\d{4}"")),VALUE(REGEXEXTRACT(G$1,""T(\d+)"")),1), monthEnd,EOMONTH(monthStart,0), actualStart,MAX($D20,monthStart), actualEnd,MIN($E20,monthEnd), workingDaysInMonth,NETWORKDAYS(monthStart,monthEnd), "&" workingDaysOverlap,IF(actualStart>actualEnd,0,NETWORKDAYS(actualStart,actualEnd)), IF(workingDaysOverlap=0,"""",$F20*workingDaysOverlap/workingDaysInMonth) )"),0.0) -> 0 | H20: =IFERROR(__xludf.DUMMYFUNCTION("LET( monthStart,DATE(VALUE(REGEXEXTRACT(H$1,""\d{4}"")),VALUE(REGEXEXTRACT(H$1,""T(\d+)"")),1), monthEnd,EOMONTH(monthStart,0), actualStart,MAX($D20,monthStart), actualEnd,MIN($E20,monthEnd), workingDaysInMonth,NETWORKDAYS(monthStart,monthEnd), "&" workingDaysOverlap,IF(actualStart>actualEnd,0,NETWORKDAYS(actualStart,actualEnd)), IF(workingDaysOverlap=0,"""",$F20*workingDaysOverlap/workingDaysInMonth) )"),0.0) -> 0 | I20: =IFERROR(__xludf.DUMMYFUNCTION("LET( monthStart,DATE(VALUE(REGEXEXTRACT(I$1,""\d{4}"")),VALUE(REGEXEXTRACT(I$1,""T(\d+)"")),1), monthEnd,EOMONTH(monthStart,0), actualStart,MAX($D20,monthStart), actualEnd,MIN($E20,monthEnd), workingDaysInMonth,NETWORKDAYS(monthStart,monthEnd), "&" workingDaysOverlap,IF(actualStart>actualEnd,0,NETWORKDAYS(actualStart,actualEnd)), IF(workingDaysOverlap=0,"""",$F20*workingDaysOverlap/workingDaysInMonth) )"),0.0) -> 0 | J20: =IFERROR(__xludf.DUMMYFUNCTION("LET( monthStart,DATE(VALUE(REGEXEXTRACT(J$1,""\d{4}"")),VALUE(REGEXEXTRACT(J$1,""T(\d+)"")),1), monthEnd,EOMONTH(monthStart,0), actualStart,MAX($D20,monthStart), actualEnd,MIN($E20,monthEnd), workingDaysInMonth,NETWORKDAYS(monthStart,monthEnd), "&" workingDaysOverlap,IF(actualStart>actualEnd,0,NETWORKDAYS(actualStart,actualEnd)), IF(workingDaysOverlap=0,"""",$F20*workingDaysOverlap/workingDaysInMonth) )"),0.0) -> 0 | K20: =IFERROR(__xludf.DUMMYFUNCTION("LET( monthStart,DATE(VALUE(REGEXEXTRACT(K$1,""\d{4}"")),VALUE(REGEXEXTRACT(K$1,""T(\d+)"")),1), monthEnd,EOMONTH(monthStart,0), actualStart,MAX($D20,monthStart), actualEnd,MIN($E20,monthEnd), workingDaysInMonth,NETWORKDAYS(monthStart,monthEnd), "&" workingDaysOverlap,IF(actualStart>actualEnd,0,NETWORKDAYS(actualStart,actualEnd)), IF(workingDaysOverlap=0,"""",$F20*workingDaysOverlap/workingDaysInMonth) )"),0.0) -> 0 | L20: =IFERROR(__xludf.DUMMYFUNCTION("LET( monthStart,DATE(VALUE(REGEXEXTRACT(L$1,""\d{4}"")),VALUE(REGEXEXTRACT(L$1,""T(\d+)"")),1), monthEnd,EOMONTH(monthStart,0), actualStart,MAX($D20,monthStart), actualEnd,MIN($E20,monthEnd), workingDaysInMonth,NETWORKDAYS(monthStart,monthEnd), "&" workingDaysOverlap,IF(actualStart>actualEnd,0,NETWORKDAYS(actualStart,actualEnd)), IF(workingDaysOverlap=0,"""",$F20*workingDaysOverlap/workingDaysInMonth) )"),0.0) -> 0 | M20: =IFERROR(__xludf.DUMMYFUNCTION("LET( monthStart,DATE(VALUE(REGEXEXTRACT(M$1,""\d{4}"")),VALUE(REGEXEXTRACT(M$1,""T(\d+)"")),1), monthEnd,EOMONTH(monthStart,0), actualStart,MAX($D20,monthStart), actualEnd,MIN($E20,monthEnd), workingDaysInMonth,NETWORKDAYS(monthStart,monthEnd), "&" workingDaysOverlap,IF(actualStart>actualEnd,0,NETWORKDAYS(actualStart,actualEnd)), IF(workingDaysOverlap=0,"""",$F20*workingDaysOverlap/workingDaysInMonth) )"),0.0) -> 0 | N20: =IFERROR(__xludf.DUMMYFUNCTION("LET( monthStart,DATE(VALUE(REGEXEXTRACT(N$1,""\d{4}"")),VALUE(REGEXEXTRACT(N$1,""T(\d+)"")),1), monthEnd,EOMONTH(monthStart,0), actualStart,MAX($D20,monthStart), actualEnd,MIN($E20,monthEnd), workingDaysInMonth,NETWORKDAYS(monthStart,monthEnd), "&" workingDaysOverlap,IF(actualStart>actualEnd,0,NETWORKDAYS(actualStart,actualEnd)), IF(workingDaysOverlap=0,"""",$F20*workingDaysOverlap/workingDaysInMonth) )"),0.0) -> 0 | O20: =IFERROR(__xludf.DUMMYFUNCTION("LET( monthStart,DATE(VALUE(REGEXEXTRACT(O$1,""\d{4}"")),VALUE(REGEXEXTRACT(O$1,""T(\d+)"")),1), monthEnd,EOMONTH(monthStart,0), actualStart,MAX($D20,monthStart), actualEnd,MIN($E20,monthEnd), workingDaysInMonth,NETWORKDAYS(monthStart,monthEnd), "&" workingDaysOverlap,IF(actualStart>actualEnd,0,NETWORKDAYS(actualStart,actualEnd)), IF(workingDaysOverlap=0,"""",$F20*workingDaysOverlap/workingDaysInMonth) )"),0.0) -> 0 | P20: =IFERROR(__xludf.DUMMYFUNCTION("LET( monthStart,DATE(VALUE(REGEXEXTRACT(P$1,""\d{4}"")),VALUE(REGEXEXTRACT(P$1,""T(\d+)"")),1), monthEnd,EOMONTH(monthStart,0), actualStart,MAX($D20,monthStart), actualEnd,MIN($E20,monthEnd), workingDaysInMonth,NETWORKDAYS(monthStart,monthEnd), "&" workingDaysOverlap,IF(actualStart>actualEnd,0,NETWORKDAYS(actualStart,actualEnd)), IF(workingDaysOverlap=0,"""",$F20*workingDaysOverlap/workingDaysInMonth) )"),0.0) -> 0 | Q20: =IFERROR(__xludf.DUMMYFUNCTION("LET( monthStart,DATE(VALUE(REGEXEXTRACT(Q$1,""\d{4}"")),VALUE(REGEXEXTRACT(Q$1,""T(\d+)"")),1), monthEnd,EOMONTH(monthStart,0), actualStart,MAX($D20,monthStart), actualEnd,MIN($E20,monthEnd), workingDaysInMonth,NETWORKDAYS(monthStart,monthEnd), "&" workingDaysOverlap,IF(actualStart>actualEnd,0,NETWORKDAYS(actualStart,actualEnd)), IF(workingDaysOverlap=0,"""",$F20*workingDaysOverlap/workingDaysInMonth) )"),0.0) -> 0 | R20: =IFERROR(__xludf.DUMMYFUNCTION("LET( monthStart,DATE(VALUE(REGEXEXTRACT(R$1,""\d{4}"")),VALUE(REGEXEXTRACT(R$1,""T(\d+)"")),1), monthEnd,EOMONTH(monthStart,0), actualStart,MAX($D20,monthStart), actualEnd,MIN($E20,monthEnd), workingDaysInMonth,NETWORKDAYS(monthStart,monthEnd), "&" workingDaysOverlap,IF(actualStart>actualEnd,0,NETWORKDAYS(actualStart,actualEnd)), IF(workingDaysOverlap=0,"""",$F20*workingDaysOverlap/workingDaysInMonth) )"),0.0) -> 0 | S20: =IFERROR(__xludf.DUMMYFUNCTION("LET( monthStart,DATE(VALUE(REGEXEXTRACT(S$1,""\d{4}"")),VALUE(REGEXEXTRACT(S$1,""T(\d+)"")),1), monthEnd,EOMONTH(monthStart,0), actualStart,MAX($D20,monthStart), actualEnd,MIN($E20,monthEnd), workingDaysInMonth,NETWORKDAYS(monthStart,monthEnd), "&" workingDaysOverlap,IF(actualStart>actualEnd,0,NETWORKDAYS(actualStart,actualEnd)), IF(workingDaysOverlap=0,"""",$F20*workingDaysOverlap/workingDaysInMonth) )"),0.0) -> 0 | T20: =IFERROR(__xludf.DUMMYFUNCTION("LET( monthStart,DATE(VALUE(REGEXEXTRACT(T$1,""\d{4}"")),VALUE(REGEXEXTRACT(T$1,""T(\d+)"")),1), monthEnd,EOMONTH(monthStart,0), actualStart,MAX($D20,monthStart), actualEnd,MIN($E20,monthEnd), workingDaysInMonth,NETWORKDAYS(monthStart,monthEnd), "&" workingDaysOverlap,IF(actualStart>actualEnd,0,NETWORKDAYS(actualStart,actualEnd)), IF(workingDaysOverlap=0,"""",$F20*workingDaysOverlap/workingDaysInMonth) )"),0.0) -> 0 | U20: =IFERROR(__xludf.DUMMYFUNCTION("LET( monthStart,DATE(VALUE(REGEXEXTRACT(U$1,""\d{4}"")),VALUE(REGEXEXTRACT(U$1,""T(\d+)"")),1), monthEnd,EOMONTH(monthStart,0), actualStart,MAX($D20,monthStart), actualEnd,MIN($E20,monthEnd), workingDaysInMonth,NETWORKDAYS(monthStart,monthEnd), "&" workingDaysOverlap,IF(actualStart>actualEnd,0,NETWORKDAYS(actualStart,actualEnd)), IF(workingDaysOverlap=0,"""",$F20*workingDaysOverlap/workingDaysInMonth) )"),0.0) -> 0 | V20: =IFERROR(__xludf.DUMMYFUNCTION("LET( monthStart,DATE(VALUE(REGEXEXTRACT(V$1,""\d{4}"")),VALUE(REGEXEXTRACT(V$1,""T(\d+)"")),1), monthEnd,EOMONTH(monthStart,0), actualStart,MAX($D20,monthStart), actualEnd,MIN($E20,monthEnd), workingDaysInMonth,NETWORKDAYS(monthStart,monthEnd), "&" workingDaysOverlap,IF(actualStart>actualEnd,0,NETWORKDAYS(actualStart,actualEnd)), IF(workingDaysOverlap=0,"""",$F20*workingDaysOverlap/workingDaysInMonth) )"),0.0) -> 0 | W20: =IFERROR(__xludf.DUMMYFUNCTION("LET( monthStart,DATE(VALUE(REGEXEXTRACT(W$1,""\d{4}"")),VALUE(REGEXEXTRACT(W$1,""T(\d+)"")),1), monthEnd,EOMONTH(monthStart,0), actualStart,MAX($D20,monthStart), actualEnd,MIN($E20,monthEnd), workingDaysInMonth,NETWORKDAYS(monthStart,monthEnd), "&" workingDaysOverlap,IF(actualStart>actualEnd,0,NETWORKDAYS(actualStart,actualEnd)), IF(workingDaysOverlap=0,"""",$F20*workingDaysOverlap/workingDaysInMonth) )"),0.0) -> 0 | X20: =IFERROR(__xludf.DUMMYFUNCTION("LET( monthStart,DATE(VALUE(REGEXEXTRACT(X$1,""\d{4}"")),VALUE(REGEXEXTRACT(X$1,""T(\d+)"")),1), monthEnd,EOMONTH(monthStart,0), actualStart,MAX($D20,monthStart), actualEnd,MIN($E20,monthEnd), workingDaysInMonth,NETWORKDAYS(monthStart,monthEnd), "&" workingDaysOverlap,IF(actualStart>actualEnd,0,NETWORKDAYS(actualStart,actualEnd)), IF(workingDaysOverlap=0,"""",$F20*workingDaysOverlap/workingDaysInMonth) )"),0.0) -> 0 | Y20: =IFERROR(__xludf.DUMMYFUNCTION("LET( monthStart,DATE(VALUE(REGEXEXTRACT(Y$1,""\d{4}"")),VALUE(REGEXEXTRACT(Y$1,""T(\d+)"")),1), monthEnd,EOMONTH(monthStart,0), actualStart,MAX($D20,monthStart), actualEnd,MIN($E20,monthEnd), workingDaysInMonth,NETWORKDAYS(monthStart,monthEnd), "&" workingDaysOverlap,IF(actualStart>actualEnd,0,NETWORKDAYS(actualStart,actualEnd)), IF(workingDaysOverlap=0,"""",$F20*workingDaysOverlap/workingDaysInMonth) )"),0.0) -> 0
G21: =IFERROR(__xludf.DUMMYFUNCTION("LET( monthStart,DATE(VALUE(REGEXEXTRACT(G$1,""\d{4}"")),VALUE(REGEXEXTRACT(G$1,""T(\d+)"")),1), monthEnd,EOMONTH(monthStart,0), actualStart,MAX($D21,monthStart), actualEnd,MIN($E21,monthEnd), workingDaysInMonth,NETWORKDAYS(monthStart,monthEnd), "&" workingDaysOverlap,IF(actualStart>actualEnd,0,NETWORKDAYS(actualStart,actualEnd)), IF(workingDaysOverlap=0,"""",$F21*workingDaysOverlap/workingDaysInMonth) )"),0.0) -> 0 | H21: =IFERROR(__xludf.DUMMYFUNCTION("LET( monthStart,DATE(VALUE(REGEXEXTRACT(H$1,""\d{4}"")),VALUE(REGEXEXTRACT(H$1,""T(\d+)"")),1), monthEnd,EOMONTH(monthStart,0), actualStart,MAX($D21,monthStart), actualEnd,MIN($E21,monthEnd), workingDaysInMonth,NETWORKDAYS(monthStart,monthEnd), "&" workingDaysOverlap,IF(actualStart>actualEnd,0,NETWORKDAYS(actualStart,actualEnd)), IF(workingDaysOverlap=0,"""",$F21*workingDaysOverlap/workingDaysInMonth) )"),0.0) -> 0 | I21: =IFERROR(__xludf.DUMMYFUNCTION("LET( monthStart,DATE(VALUE(REGEXEXTRACT(I$1,""\d{4}"")),VALUE(REGEXEXTRACT(I$1,""T(\d+)"")),1), monthEnd,EOMONTH(monthStart,0), actualStart,MAX($D21,monthStart), actualEnd,MIN($E21,monthEnd), workingDaysInMonth,NETWORKDAYS(monthStart,monthEnd), "&" workingDaysOverlap,IF(actualStart>actualEnd,0,NETWORKDAYS(actualStart,actualEnd)), IF(workingDaysOverlap=0,"""",$F21*workingDaysOverlap/workingDaysInMonth) )"),0.0) -> 0 | J21: =IFERROR(__xludf.DUMMYFUNCTION("LET( monthStart,DATE(VALUE(REGEXEXTRACT(J$1,""\d{4}"")),VALUE(REGEXEXTRACT(J$1,""T(\d+)"")),1), monthEnd,EOMONTH(monthStart,0), actualStart,MAX($D21,monthStart), actualEnd,MIN($E21,monthEnd), workingDaysInMonth,NETWORKDAYS(monthStart,monthEnd), "&" workingDaysOverlap,IF(actualStart>actualEnd,0,NETWORKDAYS(actualStart,actualEnd)), IF(workingDaysOverlap=0,"""",$F21*workingDaysOverlap/workingDaysInMonth) )"),0.0) -> 0 | K21: =IFERROR(__xludf.DUMMYFUNCTION("LET( monthStart,DATE(VALUE(REGEXEXTRACT(K$1,""\d{4}"")),VALUE(REGEXEXTRACT(K$1,""T(\d+)"")),1), monthEnd,EOMONTH(monthStart,0), actualStart,MAX($D21,monthStart), actualEnd,MIN($E21,monthEnd), workingDaysInMonth,NETWORKDAYS(monthStart,monthEnd), "&" workingDaysOverlap,IF(actualStart>actualEnd,0,NETWORKDAYS(actualStart,actualEnd)), IF(workingDaysOverlap=0,"""",$F21*workingDaysOverlap/workingDaysInMonth) )"),0.0) -> 0 | L21: =IFERROR(__xludf.DUMMYFUNCTION("LET( monthStart,DATE(VALUE(REGEXEXTRACT(L$1,""\d{4}"")),VALUE(REGEXEXTRACT(L$1,""T(\d+)"")),1), monthEnd,EOMONTH(monthStart,0), actualStart,MAX($D21,monthStart), actualEnd,MIN($E21,monthEnd), workingDaysInMonth,NETWORKDAYS(monthStart,monthEnd), "&" workingDaysOverlap,IF(actualStart>actualEnd,0,NETWORKDAYS(actualStart,actualEnd)), IF(workingDaysOverlap=0,"""",$F21*workingDaysOverlap/workingDaysInMonth) )"),0.0) -> 0 | M21: =IFERROR(__xludf.DUMMYFUNCTION("LET( monthStart,DATE(VALUE(REGEXEXTRACT(M$1,""\d{4}"")),VALUE(REGEXEXTRACT(M$1,""T(\d+)"")),1), monthEnd,EOMONTH(monthStart,0), actualStart,MAX($D21,monthStart), actualEnd,MIN($E21,monthEnd), workingDaysInMonth,NETWORKDAYS(monthStart,monthEnd), "&" workingDaysOverlap,IF(actualStart>actualEnd,0,NETWORKDAYS(actualStart,actualEnd)), IF(workingDaysOverlap=0,"""",$F21*workingDaysOverlap/workingDaysInMonth) )"),0.0) -> 0 | N21: =IFERROR(__xludf.DUMMYFUNCTION("LET( monthStart,DATE(VALUE(REGEXEXTRACT(N$1,""\d{4}"")),VALUE(REGEXEXTRACT(N$1,""T(\d+)"")),1), monthEnd,EOMONTH(monthStart,0), actualStart,MAX($D21,monthStart), actualEnd,MIN($E21,monthEnd), workingDaysInMonth,NETWORKDAYS(monthStart,monthEnd), "&" workingDaysOverlap,IF(actualStart>actualEnd,0,NETWORKDAYS(actualStart,actualEnd)), IF(workingDaysOverlap=0,"""",$F21*workingDaysOverlap/workingDaysInMonth) )"),0.0) -> 0 | O21: =IFERROR(__xludf.DUMMYFUNCTION("LET( monthStart,DATE(VALUE(REGEXEXTRACT(O$1,""\d{4}"")),VALUE(REGEXEXTRACT(O$1,""T(\d+)"")),1), monthEnd,EOMONTH(monthStart,0), actualStart,MAX($D21,monthStart), actualEnd,MIN($E21,monthEnd), workingDaysInMonth,NETWORKDAYS(monthStart,monthEnd), "&" workingDaysOverlap,IF(actualStart>actualEnd,0,NETWORKDAYS(actualStart,actualEnd)), IF(workingDaysOverlap=0,"""",$F21*workingDaysOverlap/workingDaysInMonth) )"),0.0) -> 0 | P21: =IFERROR(__xludf.DUMMYFUNCTION("LET( monthStart,DATE(VALUE(REGEXEXTRACT(P$1,""\d{4}"")),VALUE(REGEXEXTRACT(P$1,""T(\d+)"")),1), monthEnd,EOMONTH(monthStart,0), actualStart,MAX($D21,monthStart), actualEnd,MIN($E21,monthEnd), workingDaysInMonth,NETWORKDAYS(monthStart,monthEnd), "&" workingDaysOverlap,IF(actualStart>actualEnd,0,NETWORKDAYS(actualStart,actualEnd)), IF(workingDaysOverlap=0,"""",$F21*workingDaysOverlap/workingDaysInMonth) )"),0.0) -> 0 | Q21: =IFERROR(__xludf.DUMMYFUNCTION("LET( monthStart,DATE(VALUE(REGEXEXTRACT(Q$1,""\d{4}"")),VALUE(REGEXEXTRACT(Q$1,""T(\d+)"")),1), monthEnd,EOMONTH(monthStart,0), actualStart,MAX($D21,monthStart), actualEnd,MIN($E21,monthEnd), workingDaysInMonth,NETWORKDAYS(monthStart,monthEnd), "&" workingDaysOverlap,IF(actualStart>actualEnd,0,NETWORKDAYS(actualStart,actualEnd)), IF(workingDaysOverlap=0,"""",$F21*workingDaysOverlap/workingDaysInMonth) )"),0.0) -> 0 | R21: =IFERROR(__xludf.DUMMYFUNCTION("LET( monthStart,DATE(VALUE(REGEXEXTRACT(R$1,""\d{4}"")),VALUE(REGEXEXTRACT(R$1,""T(\d+)"")),1), monthEnd,EOMONTH(monthStart,0), actualStart,MAX($D21,monthStart), actualEnd,MIN($E21,monthEnd), workingDaysInMonth,NETWORKDAYS(monthStart,monthEnd), "&" workingDaysOverlap,IF(actualStart>actualEnd,0,NETWORKDAYS(actualStart,actualEnd)), IF(workingDaysOverlap=0,"""",$F21*workingDaysOverlap/workingDaysInMonth) )"),0.0) -> 0 | S21: =IFERROR(__xludf.DUMMYFUNCTION("LET( monthStart,DATE(VALUE(REGEXEXTRACT(S$1,""\d{4}"")),VALUE(REGEXEXTRACT(S$1,""T(\d+)"")),1), monthEnd,EOMONTH(monthStart,0), actualStart,MAX($D21,monthStart), actualEnd,MIN($E21,monthEnd), workingDaysInMonth,NETWORKDAYS(monthStart,monthEnd), "&" workingDaysOverlap,IF(actualStart>actualEnd,0,NETWORKDAYS(actualStart,actualEnd)), IF(workingDaysOverlap=0,"""",$F21*workingDaysOverlap/workingDaysInMonth) )"),0.0) -> 0 | T21: =IFERROR(__xludf.DUMMYFUNCTION("LET( monthStart,DATE(VALUE(REGEXEXTRACT(T$1,""\d{4}"")),VALUE(REGEXEXTRACT(T$1,""T(\d+)"")),1), monthEnd,EOMONTH(monthStart,0), actualStart,MAX($D21,monthStart), actualEnd,MIN($E21,monthEnd), workingDaysInMonth,NETWORKDAYS(monthStart,monthEnd), "&" workingDaysOverlap,IF(actualStart>actualEnd,0,NETWORKDAYS(actualStart,actualEnd)), IF(workingDaysOverlap=0,"""",$F21*workingDaysOverlap/workingDaysInMonth) )"),0.0) -> 0 | U21: =IFERROR(__xludf.DUMMYFUNCTION("LET( monthStart,DATE(VALUE(REGEXEXTRACT(U$1,""\d{4}"")),VALUE(REGEXEXTRACT(U$1,""T(\d+)"")),1), monthEnd,EOMONTH(monthStart,0), actualStart,MAX($D21,monthStart), actualEnd,MIN($E21,monthEnd), workingDaysInMonth,NETWORKDAYS(monthStart,monthEnd), "&" workingDaysOverlap,IF(actualStart>actualEnd,0,NETWORKDAYS(actualStart,actualEnd)), IF(workingDaysOverlap=0,"""",$F21*workingDaysOverlap/workingDaysInMonth) )"),0.0) -> 0 | V21: =IFERROR(__xludf.DUMMYFUNCTION("LET( monthStart,DATE(VALUE(REGEXEXTRACT(V$1,""\d{4}"")),VALUE(REGEXEXTRACT(V$1,""T(\d+)"")),1), monthEnd,EOMONTH(monthStart,0), actualStart,MAX($D21,monthStart), actualEnd,MIN($E21,monthEnd), workingDaysInMonth,NETWORKDAYS(monthStart,monthEnd), "&" workingDaysOverlap,IF(actualStart>actualEnd,0,NETWORKDAYS(actualStart,actualEnd)), IF(workingDaysOverlap=0,"""",$F21*workingDaysOverlap/workingDaysInMonth) )"),0.0) -> 0 | W21: =IFERROR(__xludf.DUMMYFUNCTION("LET( monthStart,DATE(VALUE(REGEXEXTRACT(W$1,""\d{4}"")),VALUE(REGEXEXTRACT(W$1,""T(\d+)"")),1), monthEnd,EOMONTH(monthStart,0), actualStart,MAX($D21,monthStart), actualEnd,MIN($E21,monthEnd), workingDaysInMonth,NETWORKDAYS(monthStart,monthEnd), "&" workingDaysOverlap,IF(actualStart>actualEnd,0,NETWORKDAYS(actualStart,actualEnd)), IF(workingDaysOverlap=0,"""",$F21*workingDaysOverlap/workingDaysInMonth) )"),0.0) -> 0 | X21: =IFERROR(__xludf.DUMMYFUNCTION("LET( monthStart,DATE(VALUE(REGEXEXTRACT(X$1,""\d{4}"")),VALUE(REGEXEXTRACT(X$1,""T(\d+)"")),1), monthEnd,EOMONTH(monthStart,0), actualStart,MAX($D21,monthStart), actualEnd,MIN($E21,monthEnd), workingDaysInMonth,NETWORKDAYS(monthStart,monthEnd), "&" workingDaysOverlap,IF(actualStart>actualEnd,0,NETWORKDAYS(actualStart,actualEnd)), IF(workingDaysOverlap=0,"""",$F21*workingDaysOverlap/workingDaysInMonth) )"),0.0) -> 0 | Y21: =IFERROR(__xludf.DUMMYFUNCTION("LET( monthStart,DATE(VALUE(REGEXEXTRACT(Y$1,""\d{4}"")),VALUE(REGEXEXTRACT(Y$1,""T(\d+)"")),1), monthEnd,EOMONTH(monthStart,0), actualStart,MAX($D21,monthStart), actualEnd,MIN($E21,monthEnd), workingDaysInMonth,NETWORKDAYS(monthStart,monthEnd), "&" workingDaysOverlap,IF(actualStart>actualEnd,0,NETWORKDAYS(actualStart,actualEnd)), IF(workingDaysOverlap=0,"""",$F21*workingDaysOverlap/workingDaysInMonth) )"),0.0) -> 0
G22: =IFERROR(__xludf.DUMMYFUNCTION("LET( monthStart,DATE(VALUE(REGEXEXTRACT(G$1,""\d{4}"")),VALUE(REGEXEXTRACT(G$1,""T(\d+)"")),1), monthEnd,EOMONTH(monthStart,0), actualStart,MAX($D22,monthStart), actualEnd,MIN($E22,monthEnd), workingDaysInMonth,NETWORKDAYS(monthStart,monthEnd), "&" workingDaysOverlap,IF(actualStart>actualEnd,0,NETWORKDAYS(actualStart,actualEnd)), IF(workingDaysOverlap=0,"""",$F22*workingDaysOverlap/workingDaysInMonth) )"),0.0) -> 0 | H22: =IFERROR(__xludf.DUMMYFUNCTION("LET( monthStart,DATE(VALUE(REGEXEXTRACT(H$1,""\d{4}"")),VALUE(REGEXEXTRACT(H$1,""T(\d+)"")),1), monthEnd,EOMONTH(monthStart,0), actualStart,MAX($D22,monthStart), actualEnd,MIN($E22,monthEnd), workingDaysInMonth,NETWORKDAYS(monthStart,monthEnd), "&" workingDaysOverlap,IF(actualStart>actualEnd,0,NETWORKDAYS(actualStart,actualEnd)), IF(workingDaysOverlap=0,"""",$F22*workingDaysOverlap/workingDaysInMonth) )"),0.0) -> 0 | I22: =IFERROR(__xludf.DUMMYFUNCTION("LET( monthStart,DATE(VALUE(REGEXEXTRACT(I$1,""\d{4}"")),VALUE(REGEXEXTRACT(I$1,""T(\d+)"")),1), monthEnd,EOMONTH(monthStart,0), actualStart,MAX($D22,monthStart), actualEnd,MIN($E22,monthEnd), workingDaysInMonth,NETWORKDAYS(monthStart,monthEnd), "&" workingDaysOverlap,IF(actualStart>actualEnd,0,NETWORKDAYS(actualStart,actualEnd)), IF(workingDaysOverlap=0,"""",$F22*workingDaysOverlap/workingDaysInMonth) )"),0.0) -> 0 | J22: =IFERROR(__xludf.DUMMYFUNCTION("LET( monthStart,DATE(VALUE(REGEXEXTRACT(J$1,""\d{4}"")),VALUE(REGEXEXTRACT(J$1,""T(\d+)"")),1), monthEnd,EOMONTH(monthStart,0), actualStart,MAX($D22,monthStart), actualEnd,MIN($E22,monthEnd), workingDaysInMonth,NETWORKDAYS(monthStart,monthEnd), "&" workingDaysOverlap,IF(actualStart>actualEnd,0,NETWORKDAYS(actualStart,actualEnd)), IF(workingDaysOverlap=0,"""",$F22*workingDaysOverlap/workingDaysInMonth) )"),0.0) -> 0 | K22: =IFERROR(__xludf.DUMMYFUNCTION("LET( monthStart,DATE(VALUE(REGEXEXTRACT(K$1,""\d{4}"")),VALUE(REGEXEXTRACT(K$1,""T(\d+)"")),1), monthEnd,EOMONTH(monthStart,0), actualStart,MAX($D22,monthStart), actualEnd,MIN($E22,monthEnd), workingDaysInMonth,NETWORKDAYS(monthStart,monthEnd), "&" workingDaysOverlap,IF(actualStart>actualEnd,0,NETWORKDAYS(actualStart,actualEnd)), IF(workingDaysOverlap=0,"""",$F22*workingDaysOverlap/workingDaysInMonth) )"),0.0) -> 0 | L22: =IFERROR(__xludf.DUMMYFUNCTION("LET( monthStart,DATE(VALUE(REGEXEXTRACT(L$1,""\d{4}"")),VALUE(REGEXEXTRACT(L$1,""T(\d+)"")),1), monthEnd,EOMONTH(monthStart,0), actualStart,MAX($D22,monthStart), actualEnd,MIN($E22,monthEnd), workingDaysInMonth,NETWORKDAYS(monthStart,monthEnd), "&" workingDaysOverlap,IF(actualStart>actualEnd,0,NETWORKDAYS(actualStart,actualEnd)), IF(workingDaysOverlap=0,"""",$F22*workingDaysOverlap/workingDaysInMonth) )"),0.0) -> 0 | M22: =IFERROR(__xludf.DUMMYFUNCTION("LET( monthStart,DATE(VALUE(REGEXEXTRACT(M$1,""\d{4}"")),VALUE(REGEXEXTRACT(M$1,""T(\d+)"")),1), monthEnd,EOMONTH(monthStart,0), actualStart,MAX($D22,monthStart), actualEnd,MIN($E22,monthEnd), workingDaysInMonth,NETWORKDAYS(monthStart,monthEnd), "&" workingDaysOverlap,IF(actualStart>actualEnd,0,NETWORKDAYS(actualStart,actualEnd)), IF(workingDaysOverlap=0,"""",$F22*workingDaysOverlap/workingDaysInMonth) )"),0.0) -> 0 | N22: =IFERROR(__xludf.DUMMYFUNCTION("LET( monthStart,DATE(VALUE(REGEXEXTRACT(N$1,""\d{4}"")),VALUE(REGEXEXTRACT(N$1,""T(\d+)"")),1), monthEnd,EOMONTH(monthStart,0), actualStart,MAX($D22,monthStart), actualEnd,MIN($E22,monthEnd), workingDaysInMonth,NETWORKDAYS(monthStart,monthEnd), "&" workingDaysOverlap,IF(actualStart>actualEnd,0,NETWORKDAYS(actualStart,actualEnd)), IF(workingDaysOverlap=0,"""",$F22*workingDaysOverlap/workingDaysInMonth) )"),0.0) -> 0 | O22: =IFERROR(__xludf.DUMMYFUNCTION("LET( monthStart,DATE(VALUE(REGEXEXTRACT(O$1,""\d{4}"")),VALUE(REGEXEXTRACT(O$1,""T(\d+)"")),1), monthEnd,EOMONTH(monthStart,0), actualStart,MAX($D22,monthStart), actualEnd,MIN($E22,monthEnd), workingDaysInMonth,NETWORKDAYS(monthStart,monthEnd), "&" workingDaysOverlap,IF(actualStart>actualEnd,0,NETWORKDAYS(actualStart,actualEnd)), IF(workingDaysOverlap=0,"""",$F22*workingDaysOverlap/workingDaysInMonth) )"),0.0) -> 0 | P22: =IFERROR(__xludf.DUMMYFUNCTION("LET( monthStart,DATE(VALUE(REGEXEXTRACT(P$1,""\d{4}"")),VALUE(REGEXEXTRACT(P$1,""T(\d+)"")),1), monthEnd,EOMONTH(monthStart,0), actualStart,MAX($D22,monthStart), actualEnd,MIN($E22,monthEnd), workingDaysInMonth,NETWORKDAYS(monthStart,monthEnd), "&" workingDaysOverlap,IF(actualStart>actualEnd,0,NETWORKDAYS(actualStart,actualEnd)), IF(workingDaysOverlap=0,"""",$F22*workingDaysOverlap/workingDaysInMonth) )"),0.0) -> 0 | Q22: =IFERROR(__xludf.DUMMYFUNCTION("LET( monthStart,DATE(VALUE(REGEXEXTRACT(Q$1,""\d{4}"")),VALUE(REGEXEXTRACT(Q$1,""T(\d+)"")),1), monthEnd,EOMONTH(monthStart,0), actualStart,MAX($D22,monthStart), actualEnd,MIN($E22,monthEnd), workingDaysInMonth,NETWORKDAYS(monthStart,monthEnd), "&" workingDaysOverlap,IF(actualStart>actualEnd,0,NETWORKDAYS(actualStart,actualEnd)), IF(workingDaysOverlap=0,"""",$F22*workingDaysOverlap/workingDaysInMonth) )"),0.0) -> 0 | R22: =IFERROR(__xludf.DUMMYFUNCTION("LET( monthStart,DATE(VALUE(REGEXEXTRACT(R$1,""\d{4}"")),VALUE(REGEXEXTRACT(R$1,""T(\d+)"")),1), monthEnd,EOMONTH(monthStart,0), actualStart,MAX($D22,monthStart), actualEnd,MIN($E22,monthEnd), workingDaysInMonth,NETWORKDAYS(monthStart,monthEnd), "&" workingDaysOverlap,IF(actualStart>actualEnd,0,NETWORKDAYS(actualStart,actualEnd)), IF(workingDaysOverlap=0,"""",$F22*workingDaysOverlap/workingDaysInMonth) )"),0.0) -> 0 | S22: =IFERROR(__xludf.DUMMYFUNCTION("LET( monthStart,DATE(VALUE(REGEXEXTRACT(S$1,""\d{4}"")),VALUE(REGEXEXTRACT(S$1,""T(\d+)"")),1), monthEnd,EOMONTH(monthStart,0), actualStart,MAX($D22,monthStart), actualEnd,MIN($E22,monthEnd), workingDaysInMonth,NETWORKDAYS(monthStart,monthEnd), "&" workingDaysOverlap,IF(actualStart>actualEnd,0,NETWORKDAYS(actualStart,actualEnd)), IF(workingDaysOverlap=0,"""",$F22*workingDaysOverlap/workingDaysInMonth) )"),0.0) -> 0 | T22: =IFERROR(__xludf.DUMMYFUNCTION("LET( monthStart,DATE(VALUE(REGEXEXTRACT(T$1,""\d{4}"")),VALUE(REGEXEXTRACT(T$1,""T(\d+)"")),1), monthEnd,EOMONTH(monthStart,0), actualStart,MAX($D22,monthStart), actualEnd,MIN($E22,monthEnd), workingDaysInMonth,NETWORKDAYS(monthStart,monthEnd), "&" workingDaysOverlap,IF(actualStart>actualEnd,0,NETWORKDAYS(actualStart,actualEnd)), IF(workingDaysOverlap=0,"""",$F22*workingDaysOverlap/workingDaysInMonth) )"),0.0) -> 0 | U22: =IFERROR(__xludf.DUMMYFUNCTION("LET( monthStart,DATE(VALUE(REGEXEXTRACT(U$1,""\d{4}"")),VALUE(REGEXEXTRACT(U$1,""T(\d+)"")),1), monthEnd,EOMONTH(monthStart,0), actualStart,MAX($D22,monthStart), actualEnd,MIN($E22,monthEnd), workingDaysInMonth,NETWORKDAYS(monthStart,monthEnd), "&" workingDaysOverlap,IF(actualStart>actualEnd,0,NETWORKDAYS(actualStart,actualEnd)), IF(workingDaysOverlap=0,"""",$F22*workingDaysOverlap/workingDaysInMonth) )"),0.0) -> 0 | V22: =IFERROR(__xludf.DUMMYFUNCTION("LET( monthStart,DATE(VALUE(REGEXEXTRACT(V$1,""\d{4}"")),VALUE(REGEXEXTRACT(V$1,""T(\d+)"")),1), monthEnd,EOMONTH(monthStart,0), actualStart,MAX($D22,monthStart), actualEnd,MIN($E22,monthEnd), workingDaysInMonth,NETWORKDAYS(monthStart,monthEnd), "&" workingDaysOverlap,IF(actualStart>actualEnd,0,NETWORKDAYS(actualStart,actualEnd)), IF(workingDaysOverlap=0,"""",$F22*workingDaysOverlap/workingDaysInMonth) )"),0.0) -> 0 | W22: =IFERROR(__xludf.DUMMYFUNCTION("LET( monthStart,DATE(VALUE(REGEXEXTRACT(W$1,""\d{4}"")),VALUE(REGEXEXTRACT(W$1,""T(\d+)"")),1), monthEnd,EOMONTH(monthStart,0), actualStart,MAX($D22,monthStart), actualEnd,MIN($E22,monthEnd), workingDaysInMonth,NETWORKDAYS(monthStart,monthEnd), "&" workingDaysOverlap,IF(actualStart>actualEnd,0,NETWORKDAYS(actualStart,actualEnd)), IF(workingDaysOverlap=0,"""",$F22*workingDaysOverlap/workingDaysInMonth) )"),0.0) -> 0 | X22: =IFERROR(__xludf.DUMMYFUNCTION("LET( monthStart,DATE(VALUE(REGEXEXTRACT(X$1,""\d{4}"")),VALUE(REGEXEXTRACT(X$1,""T(\d+)"")),1), monthEnd,EOMONTH(monthStart,0), actualStart,MAX($D22,monthStart), actualEnd,MIN($E22,monthEnd), workingDaysInMonth,NETWORKDAYS(monthStart,monthEnd), "&" workingDaysOverlap,IF(actualStart>actualEnd,0,NETWORKDAYS(actualStart,actualEnd)), IF(workingDaysOverlap=0,"""",$F22*workingDaysOverlap/workingDaysInMonth) )"),0.0) -> 0 | Y22: =IFERROR(__xludf.DUMMYFUNCTION("LET( monthStart,DATE(VALUE(REGEXEXTRACT(Y$1,""\d{4}"")),VALUE(REGEXEXTRACT(Y$1,""T(\d+)"")),1), monthEnd,EOMONTH(monthStart,0), actualStart,MAX($D22,monthStart), actualEnd,MIN($E22,monthEnd), workingDaysInMonth,NETWORKDAYS(monthStart,monthEnd), "&" workingDaysOverlap,IF(actualStart>actualEnd,0,NETWORKDAYS(actualStart,actualEnd)), IF(workingDaysOverlap=0,"""",$F22*workingDaysOverlap/workingDaysInMonth) )"),0.0) -> 0
G23: =IFERROR(__xludf.DUMMYFUNCTION("LET( monthStart,DATE(VALUE(REGEXEXTRACT(G$1,""\d{4}"")),VALUE(REGEXEXTRACT(G$1,""T(\d+)"")),1), monthEnd,EOMONTH(monthStart,0), actualStart,MAX($D23,monthStart), actualEnd,MIN($E23,monthEnd), workingDaysInMonth,NETWORKDAYS(monthStart,monthEnd), "&" workingDaysOverlap,IF(actualStart>actualEnd,0,NETWORKDAYS(actualStart,actualEnd)), IF(workingDaysOverlap=0,"""",$F23*workingDaysOverlap/workingDaysInMonth) )"),0.0) -> 0 | H23: =IFERROR(__xludf.DUMMYFUNCTION("LET( monthStart,DATE(VALUE(REGEXEXTRACT(H$1,""\d{4}"")),VALUE(REGEXEXTRACT(H$1,""T(\d+)"")),1), monthEnd,EOMONTH(monthStart,0), actualStart,MAX($D23,monthStart), actualEnd,MIN($E23,monthEnd), workingDaysInMonth,NETWORKDAYS(monthStart,monthEnd), "&" workingDaysOverlap,IF(actualStart>actualEnd,0,NETWORKDAYS(actualStart,actualEnd)), IF(workingDaysOverlap=0,"""",$F23*workingDaysOverlap/workingDaysInMonth) )"),0.0) -> 0 | I23: =IFERROR(__xludf.DUMMYFUNCTION("LET( monthStart,DATE(VALUE(REGEXEXTRACT(I$1,""\d{4}"")),VALUE(REGEXEXTRACT(I$1,""T(\d+)"")),1), monthEnd,EOMONTH(monthStart,0), actualStart,MAX($D23,monthStart), actualEnd,MIN($E23,monthEnd), workingDaysInMonth,NETWORKDAYS(monthStart,monthEnd), "&" workingDaysOverlap,IF(actualStart>actualEnd,0,NETWORKDAYS(actualStart,actualEnd)), IF(workingDaysOverlap=0,"""",$F23*workingDaysOverlap/workingDaysInMonth) )"),0.0) -> 0 | J23: =IFERROR(__xludf.DUMMYFUNCTION("LET( monthStart,DATE(VALUE(REGEXEXTRACT(J$1,""\d{4}"")),VALUE(REGEXEXTRACT(J$1,""T(\d+)"")),1), monthEnd,EOMONTH(monthStart,0), actualStart,MAX($D23,monthStart), actualEnd,MIN($E23,monthEnd), workingDaysInMonth,NETWORKDAYS(monthStart,monthEnd), "&" workingDaysOverlap,IF(actualStart>actualEnd,0,NETWORKDAYS(actualStart,actualEnd)), IF(workingDaysOverlap=0,"""",$F23*workingDaysOverlap/workingDaysInMonth) )"),0.0) -> 0 | K23: =IFERROR(__xludf.DUMMYFUNCTION("LET( monthStart,DATE(VALUE(REGEXEXTRACT(K$1,""\d{4}"")),VALUE(REGEXEXTRACT(K$1,""T(\d+)"")),1), monthEnd,EOMONTH(monthStart,0), actualStart,MAX($D23,monthStart), actualEnd,MIN($E23,monthEnd), workingDaysInMonth,NETWORKDAYS(monthStart,monthEnd), "&" workingDaysOverlap,IF(actualStart>actualEnd,0,NETWORKDAYS(actualStart,actualEnd)), IF(workingDaysOverlap=0,"""",$F23*workingDaysOverlap/workingDaysInMonth) )"),0.0) -> 0 | L23: =IFERROR(__xludf.DUMMYFUNCTION("LET( monthStart,DATE(VALUE(REGEXEXTRACT(L$1,""\d{4}"")),VALUE(REGEXEXTRACT(L$1,""T(\d+)"")),1), monthEnd,EOMONTH(monthStart,0), actualStart,MAX($D23,monthStart), actualEnd,MIN($E23,monthEnd), workingDaysInMonth,NETWORKDAYS(monthStart,monthEnd), "&" workingDaysOverlap,IF(actualStart>actualEnd,0,NETWORKDAYS(actualStart,actualEnd)), IF(workingDaysOverlap=0,"""",$F23*workingDaysOverlap/workingDaysInMonth) )"),0.0) -> 0 | M23: =IFERROR(__xludf.DUMMYFUNCTION("LET( monthStart,DATE(VALUE(REGEXEXTRACT(M$1,""\d{4}"")),VALUE(REGEXEXTRACT(M$1,""T(\d+)"")),1), monthEnd,EOMONTH(monthStart,0), actualStart,MAX($D23,monthStart), actualEnd,MIN($E23,monthEnd), workingDaysInMonth,NETWORKDAYS(monthStart,monthEnd), "&" workingDaysOverlap,IF(actualStart>actualEnd,0,NETWORKDAYS(actualStart,actualEnd)), IF(workingDaysOverlap=0,"""",$F23*workingDaysOverlap/workingDaysInMonth) )"),0.0) -> 0 | N23: =IFERROR(__xludf.DUMMYFUNCTION("LET( monthStart,DATE(VALUE(REGEXEXTRACT(N$1,""\d{4}"")),VALUE(REGEXEXTRACT(N$1,""T(\d+)"")),1), monthEnd,EOMONTH(monthStart,0), actualStart,MAX($D23,monthStart), actualEnd,MIN($E23,monthEnd), workingDaysInMonth,NETWORKDAYS(monthStart,monthEnd), "&" workingDaysOverlap,IF(actualStart>actualEnd,0,NETWORKDAYS(actualStart,actualEnd)), IF(workingDaysOverlap=0,"""",$F23*workingDaysOverlap/workingDaysInMonth) )"),0.0) -> 0 | O23: =IFERROR(__xludf.DUMMYFUNCTION("LET( monthStart,DATE(VALUE(REGEXEXTRACT(O$1,""\d{4}"")),VALUE(REGEXEXTRACT(O$1,""T(\d+)"")),1), monthEnd,EOMONTH(monthStart,0), actualStart,MAX($D23,monthStart), actualEnd,MIN($E23,monthEnd), workingDaysInMonth,NETWORKDAYS(monthStart,monthEnd), "&" workingDaysOverlap,IF(actualStart>actualEnd,0,NETWORKDAYS(actualStart,actualEnd)), IF(workingDaysOverlap=0,"""",$F23*workingDaysOverlap/workingDaysInMonth) )"),0.0) -> 0 | P23: =IFERROR(__xludf.DUMMYFUNCTION("LET( monthStart,DATE(VALUE(REGEXEXTRACT(P$1,""\d{4}"")),VALUE(REGEXEXTRACT(P$1,""T(\d+)"")),1), monthEnd,EOMONTH(monthStart,0), actualStart,MAX($D23,monthStart), actualEnd,MIN($E23,monthEnd), workingDaysInMonth,NETWORKDAYS(monthStart,monthEnd), "&" workingDaysOverlap,IF(actualStart>actualEnd,0,NETWORKDAYS(actualStart,actualEnd)), IF(workingDaysOverlap=0,"""",$F23*workingDaysOverlap/workingDaysInMonth) )"),0.0) -> 0 | Q23: =IFERROR(__xludf.DUMMYFUNCTION("LET( monthStart,DATE(VALUE(REGEXEXTRACT(Q$1,""\d{4}"")),VALUE(REGEXEXTRACT(Q$1,""T(\d+)"")),1), monthEnd,EOMONTH(monthStart,0), actualStart,MAX($D23,monthStart), actualEnd,MIN($E23,monthEnd), workingDaysInMonth,NETWORKDAYS(monthStart,monthEnd), "&" workingDaysOverlap,IF(actualStart>actualEnd,0,NETWORKDAYS(actualStart,actualEnd)), IF(workingDaysOverlap=0,"""",$F23*workingDaysOverlap/workingDaysInMonth) )"),0.0) -> 0 | R23: =IFERROR(__xludf.DUMMYFUNCTION("LET( monthStart,DATE(VALUE(REGEXEXTRACT(R$1,""\d{4}"")),VALUE(REGEXEXTRACT(R$1,""T(\d+)"")),1), monthEnd,EOMONTH(monthStart,0), actualStart,MAX($D23,monthStart), actualEnd,MIN($E23,monthEnd), workingDaysInMonth,NETWORKDAYS(monthStart,monthEnd), "&" workingDaysOverlap,IF(actualStart>actualEnd,0,NETWORKDAYS(actualStart,actualEnd)), IF(workingDaysOverlap=0,"""",$F23*workingDaysOverlap/workingDaysInMonth) )"),0.0) -> 0 | S23: =IFERROR(__xludf.DUMMYFUNCTION("LET( monthStart,DATE(VALUE(REGEXEXTRACT(S$1,""\d{4}"")),VALUE(REGEXEXTRACT(S$1,""T(\d+)"")),1), monthEnd,EOMONTH(monthStart,0), actualStart,MAX($D23,monthStart), actualEnd,MIN($E23,monthEnd), workingDaysInMonth,NETWORKDAYS(monthStart,monthEnd), "&" workingDaysOverlap,IF(actualStart>actualEnd,0,NETWORKDAYS(actualStart,actualEnd)), IF(workingDaysOverlap=0,"""",$F23*workingDaysOverlap/workingDaysInMonth) )"),0.0) -> 0 | T23: =IFERROR(__xludf.DUMMYFUNCTION("LET( monthStart,DATE(VALUE(REGEXEXTRACT(T$1,""\d{4}"")),VALUE(REGEXEXTRACT(T$1,""T(\d+)"")),1), monthEnd,EOMONTH(monthStart,0), actualStart,MAX($D23,monthStart), actualEnd,MIN($E23,monthEnd), workingDaysInMonth,NETWORKDAYS(monthStart,monthEnd), "&" workingDaysOverlap,IF(actualStart>actualEnd,0,NETWORKDAYS(actualStart,actualEnd)), IF(workingDaysOverlap=0,"""",$F23*workingDaysOverlap/workingDaysInMonth) )"),0.0) -> 0 | U23: =IFERROR(__xludf.DUMMYFUNCTION("LET( monthStart,DATE(VALUE(REGEXEXTRACT(U$1,""\d{4}"")),VALUE(REGEXEXTRACT(U$1,""T(\d+)"")),1), monthEnd,EOMONTH(monthStart,0), actualStart,MAX($D23,monthStart), actualEnd,MIN($E23,monthEnd), workingDaysInMonth,NETWORKDAYS(monthStart,monthEnd), "&" workingDaysOverlap,IF(actualStart>actualEnd,0,NETWORKDAYS(actualStart,actualEnd)), IF(workingDaysOverlap=0,"""",$F23*workingDaysOverlap/workingDaysInMonth) )"),0.0) -> 0 | V23: =IFERROR(__xludf.DUMMYFUNCTION("LET( monthStart,DATE(VALUE(REGEXEXTRACT(V$1,""\d{4}"")),VALUE(REGEXEXTRACT(V$1,""T(\d+)"")),1), monthEnd,EOMONTH(monthStart,0), actualStart,MAX($D23,monthStart), actualEnd,MIN($E23,monthEnd), workingDaysInMonth,NETWORKDAYS(monthStart,monthEnd), "&" workingDaysOverlap,IF(actualStart>actualEnd,0,NETWORKDAYS(actualStart,actualEnd)), IF(workingDaysOverlap=0,"""",$F23*workingDaysOverlap/workingDaysInMonth) )"),0.0) -> 0 | W23: =IFERROR(__xludf.DUMMYFUNCTION("LET( monthStart,DATE(VALUE(REGEXEXTRACT(W$1,""\d{4}"")),VALUE(REGEXEXTRACT(W$1,""T(\d+)"")),1), monthEnd,EOMONTH(monthStart,0), actualStart,MAX($D23,monthStart), actualEnd,MIN($E23,monthEnd), workingDaysInMonth,NETWORKDAYS(monthStart,monthEnd), "&" workingDaysOverlap,IF(actualStart>actualEnd,0,NETWORKDAYS(actualStart,actualEnd)), IF(workingDaysOverlap=0,"""",$F23*workingDaysOverlap/workingDaysInMonth) )"),0.0) -> 0 | X23: =IFERROR(__xludf.DUMMYFUNCTION("LET( monthStart,DATE(VALUE(REGEXEXTRACT(X$1,""\d{4}"")),VALUE(REGEXEXTRACT(X$1,""T(\d+)"")),1), monthEnd,EOMONTH(monthStart,0), actualStart,MAX($D23,monthStart), actualEnd,MIN($E23,monthEnd), workingDaysInMonth,NETWORKDAYS(monthStart,monthEnd), "&" workingDaysOverlap,IF(actualStart>actualEnd,0,NETWORKDAYS(actualStart,actualEnd)), IF(workingDaysOverlap=0,"""",$F23*workingDaysOverlap/workingDaysInMonth) )"),0.0) -> 0 | Y23: =IFERROR(__xludf.DUMMYFUNCTION("LET( monthStart,DATE(VALUE(REGEXEXTRACT(Y$1,""\d{4}"")),VALUE(REGEXEXTRACT(Y$1,""T(\d+)"")),1), monthEnd,EOMONTH(monthStart,0), actualStart,MAX($D23,monthStart), actualEnd,MIN($E23,monthEnd), workingDaysInMonth,NETWORKDAYS(monthStart,monthEnd), "&" workingDaysOverlap,IF(actualStart>actualEnd,0,NETWORKDAYS(actualStart,actualEnd)), IF(workingDaysOverlap=0,"""",$F23*workingDaysOverlap/workingDaysInMonth) )"),0.0) -> 0
